step,kmc_time,total_energy,energy_per_atom,energy_per_puo2,pu_coordination_defects,o_coordination_defects,total_coordination_defects,bulk_coordination_defects,surface_coordination_defects,mean_abs_coordination_error,fluorite_order_score,bulk_fluorite_order_score,soft_coordination_order_score,rdf_pu_o_peak_sharpness,min_distance_pu_o,min_distance_o_o,min_distance_pu_pu,accepted_event_kind,event_applied,predicted_delta_E,exact_delta_E_if_checked,used_exact_rate,exact_checked_candidates,uncertainty,good_event_probability,total_rate,candidate_events_requested,candidate_events_generated,candidate_events_rejected,current_max_displacement
0,7.189050768214238e-15,-6541.128298018252,-15.574114995281553,-46.72234498584466,134.0,222.0,356.0,270.0,86.0,1.5333333333333334,0.5261904761904762,0.6426426426426426,0.712202380952381,2.7124183006535945,1.9009918970705793,2.0123080413809733,3.0997431349216664,relaxation,1,-0.16032328274883723,-0.4561420148041613,1,10,0.07772365397112875,0.7439489465113889,95659611492288.28,64,64,0,0.35
1,1.0194089726376305e-14,,,,,,,,,,,,,,,,,coordination,1,0.24452436334242728,,0,10,0.060275293875594785,0.3145239747412207,101728109164754.92,64,64,0,0.35
2,1.0221597757772762e-14,,,,,,,,,,,,,,,,,surface_compression,1,0.013511358980098002,,0,11,0.021151165305242307,0.5535832976971711,103276061345993.62,64,64,0,0.35
3,2.465072339010729e-14,,,,,,,,,,,,,,,,,surface_compression,1,-0.21806641231349483,,0,11,0.08794313542140968,0.6481861172395088,103525317401186.14,64,64,0,0.35
4,3.1519173846183456e-14,,,,,,,,,,,,,,,,,surface,1,0.0018033173061440511,,0,11,0.03362984478254667,0.46497409099351233,91827498288190.45,64,64,0,0.35
5,3.3511485362592334e-14,,,,,,,,,,,,,,,,,random_surface,1,-0.13004913083046152,-0.053668127318800884,1,9,0.041028398192554674,0.5992346835553946,103981619924650.88,64,64,0,0.35
6,4.054348628891113e-14,,,,,,,,,,,,,,,,,random_surface,1,-0.37463497128233236,-0.23070036428036644,1,10,0.1483224701166986,0.7222590708819686,100110091029593.81,64,64,0,0.35
7,4.330993958413452e-14,,,,,,,,,,,,,,,,,surface_compression,1,-0.28989786924187466,-0.3740319090964377,1,11,0.16127186067562593,0.43794120046947416,90392289987710.66,64,64,0,0.35
8,6.286111904459007e-14,,,,,,,,,,,,,,,,,surface,1,0.0944761789752493,,0,12,0.02342046491321365,0.10614633010010432,102246726066176.02,64,64,0,0.35
9,7.163222844412129e-14,,,,,,,,,,,,,,,,,relaxation,1,0.0007178739829336125,,0,11,0.06936241275786482,0.6173000251970476,98053834735648.3,64,64,0,0.35
10,7.396186211508415e-14,,,,,,,,,,,,,,,,,surface_compression,1,0.153388098912228,,0,11,0.04918295367074749,0.2232847462096623,104920896489992.98,64,64,0,0.35
11,8.454580609966373e-14,,,,,,,,,,,,,,,,,surface,1,0.2896425343119679,,0,10,0.04017966589032751,0.14778976143261235,93457207177057.33,64,64,0,0.35
12,8.529889127611936e-14,,,,,,,,,,,,,,,,,random_surface,1,0.2507524288352958,,0,12,0.0856278137436529,0.2306333183408697,101714898792483.69,64,64,0,0.35
13,9.530019099940306e-14,,,,,,,,,,,,,,,,,relaxation,1,-0.07708216242949545,,0,12,0.04178504565950712,0.33646393160227667,110115849479168.81,64,64,0,0.35
14,1.1717824900133596e-13,,,,,,,,,,,,,,,,,random_surface,1,0.0326495542539519,,0,10,0.027578040113857238,0.43624061539094644,96876578107027.66,64,64,0,0.35
15,1.2022410168679804e-13,,,,,,,,,,,,,,,,,surface_compression,1,-0.09465331750408518,,0,11,0.050450946083424326,0.49925510976112564,97886857677052.94,64,64,0,0.35
16,1.308902278356532e-13,,,,,,,,,,,,,,,,,surface_compression,1,-0.13813242622828448,-0.12072600976718206,1,12,0.050765663357939306,0.8138860323155693,96083493147147.69,64,64,0,0.35
17,1.3927819169065006e-13,,,,,,,,,,,,,,,,,surface_compression,1,-0.08794123673902285,-0.08188121314481833,1,11,0.0280031687871855,0.9500911054516709,96948732847262.12,64,64,0,0.35
18,1.3971083892777515e-13,,,,,,,,,,,,,,,,,relaxation,1,-0.16100098914506972,,0,12,0.07695867241572935,0.5688201504848616,93880272820254.06,64,64,0,0.35
19,1.4754505168822502e-13,,,,,,,,,,,,,,,,,relaxation,1,-0.5225254433573638,-0.486159072827526,1,10,0.15270992345667186,0.6509100871018989,94729304977135.6,64,64,0,0.35
20,1.556034625812204e-13,,,,,,,,,,,,,,,,,coordination,1,0.07737442570736575,,0,11,0.026444675203338413,0.29598872140583654,99408583642582.53,64,64,0,0.35
21,1.564107774123057e-13,,,,,,,,,,,,,,,,,coordination,1,0.1646843413674635,,0,10,0.048627752569517915,0.22564592834126632,94567656982331.19,64,64,0,0.35
22,1.846494571910008e-13,,,,,,,,,,,,,,,,,random_surface,1,0.21553377576473326,,0,11,0.07524511333486267,0.3179633203161211,99994508428535.44,64,64,0,0.35
23,1.8651876738067835e-13,,,,,,,,,,,,,,,,,surface_compression,1,0.11135514409123834,,0,11,0.03749510604897898,0.457905892693036,102388477320089.88,64,64,0,0.35
24,2.3867073762262877e-13,-6540.973924405469,-15.573747439060641,-46.72124231718192,134.0,223.0,357.0,272.0,85.0,1.5380952380952382,0.5261904761904762,0.6407185628742516,0.7113095238095238,2.6985854189336234,1.9016441783267444,2.0123080413809733,3.0812958095690863,random_surface,1,-0.6800292524882763,-0.37126246866610657,1,10,0.1574073894377255,0.834530337187032,96995410136331.94,64,64,0,0.35
25,2.507380403949333e-13,,,,,,,,,,,,,,,,,surface_compression,1,-0.0636358813597984,,0,12,0.05027965135379253,0.410967298776758,98894866796321.69,64,64,0,0.35
26,2.5516388651129593e-13,,,,,,,,,,,,,,,,,surface_compression,1,-0.01622487317678809,,0,11,0.035165954496298946,0.2801965361326877,89630826239749.39,64,64,0,0.35
27,2.621240064002227e-13,,,,,,,,,,,,,,,,,surface_compression,1,0.20618749948143938,,0,11,0.04159218830162589,0.18996330298214012,98732676545831.97,64,64,0,0.35
28,2.737727287074538e-13,,,,,,,,,,,,,,,,,random_bulk,1,0.04085680523949947,,0,12,0.02704155821747284,0.34621989000697667,95575768803748.52,64,64,0,0.35
29,2.740247727955224e-13,,,,,,,,,,,,,,,,,random_surface,1,0.1224118422646916,,0,12,0.03130236712925062,0.4671562426395186,105055010353997.22,64,64,0,0.35
30,2.891231350048463e-13,,,,,,,,,,,,,,,,,relaxation,1,-0.08844098769388617,,0,12,0.09162277654987261,0.45238850072374476,103427259020879.69,64,64,0,0.35
31,3.090607099308208e-13,,,,,,,,,,,,,,,,,random_surface,1,0.03405250677640194,,0,12,0.024415320650391755,0.3000460553398444,87672102845892.0,64,64,0,0.35
32,3.134402591014888e-13,,,,,,,,,,,,,,,,,relaxation,1,0.22651879359564572,,0,11,0.05189436774104347,0.2664976900268614,98219667290565.08,64,64,0,0.35
33,3.1372221890421387e-13,,,,,,,,,,,,,,,,,relaxation,1,-0.08994777265550923,,0,12,0.04632406671369363,0.47479715763253355,90358363926534.42,64,64,0,0.35
34,3.2869333646840444e-13,,,,,,,,,,,,,,,,,relaxation,1,-0.06935565382124445,-0.23571458702839365,1,11,0.022864675201676017,0.7248620578619527,97848010137711.53,64,64,0,0.35
35,3.337362605244427e-13,,,,,,,,,,,,,,,,,random_bulk,1,-0.05325128020303969,,0,12,0.027516223962787984,0.6406843860258913,110499226472346.61,64,64,0,0.35
36,3.3625556688859935e-13,,,,,,,,,,,,,,,,,coordination,1,-0.19793527246290796,,0,9,0.1170709816429618,0.4221246324504933,95886445138343.22,64,64,0,0.35
37,3.4574448757098487e-13,,,,,,,,,,,,,,,,,surface_compression,1,0.04776682649384464,,0,11,0.019653732568187327,0.2791691957458947,91561449728902.23,64,64,0,0.35
38,3.720853985724309e-13,,,,,,,,,,,,,,,,,random_bulk,1,-0.17986698299336082,,0,12,0.06525571011167361,0.6319031501202196,103404078758864.84,64,64,0,0.35
39,3.7664447099675053e-13,,,,,,,,,,,,,,,,,random_bulk,1,0.08353482759173146,,0,10,0.03808097127375787,0.3904642883961533,97133382420157.42,64,64,0,0.35
40,3.7768113112540765e-13,,,,,,,,,,,,,,,,,relaxation,1,-0.1035026970243621,,0,9,0.04865588221844539,0.5454131846026081,106881387744587.34,64,64,0,0.35
41,4.120844393576926e-13,,,,,,,,,,,,,,,,,relaxation,1,-0.05541319179532882,-0.5349388907952033,1,10,0.04796112450794335,0.6508650694564333,91011849616662.22,64,64,0,0.35
42,4.1480463775495824e-13,,,,,,,,,,,,,,,,,surface_compression,1,-0.03503120844206163,,0,10,0.056750264438899745,0.3463492247594205,93380351652986.4,64,64,0,0.35
43,4.25106003569434e-13,,,,,,,,,,,,,,,,,relaxation,1,0.000526573711541505,,0,10,0.06311557444972739,0.2346080318455132,95479602188270.78,64,64,0,0.35
44,4.2841202395204885e-13,,,,,,,,,,,,,,,,,random_bulk,1,0.07830012731877105,,0,10,0.07392541187232747,0.3342730388349284,89784571533700.81,64,64,0,0.35
45,4.2946026752406686e-13,,,,,,,,,,,,,,,,,relaxation,1,-0.37896399955422455,-0.256294242560557,1,11,0.14683476281073699,0.5243292952321286,106501196474799.3,64,64,0,0.35
46,4.3625103138469203e-13,,,,,,,,,,,,,,,,,relaxation,1,-0.0729902253619147,,0,12,0.057025704706781415,0.5415932443339753,91581494611496.55,64,64,0,0.35
47,4.398479429170502e-13,,,,,,,,,,,,,,,,,coordination,1,0.03660146898705738,,0,11,0.023544797947902336,0.5680199162733227,108769780056279.53,64,64,0,0.35
48,4.571727743277989e-13,,,,,,,,,,,,,,,,,relaxation,1,-0.13264583268784041,,0,10,0.05879804620184535,0.28268263319996545,92932014386947.45,64,64,0,0.35
49,4.571801218245193e-13,-6542.589260789917,-15.57759347807123,-46.732780434213694,133.0,223.0,356.0,271.0,85.0,1.5333333333333334,0.5261904761904762,0.6437125748502994,0.7119047619047619,2.729744426318651,1.9016441783267444,2.0123080413809733,3.0812958095690863,surface_compression,1,-0.18007393181558462,-0.19663452491189304,0,12,0.0620517243784051,0.38825660096061637,97570524458467.44,64,64,0,0.35
50,4.580609497633215e-13,,,,,,,,,,,,,,,,,coordination,1,-0.10265907802216277,,0,10,0.03935745807740812,0.5618517205553925,105653378501310.5,64,64,0,0.35
51,4.622120553134742e-13,,,,,,,,,,,,,,,,,coordination,1,0.17873427587196658,,0,12,0.04256789944763199,0.185850889270285,89947878381311.28,64,64,0,0.35
52,4.6817943126505e-13,,,,,,,,,,,,,,,,,relaxation,1,0.11816879090284306,,0,11,0.04080924197578677,0.2782024033222444,93946767611832.19,64,64,0,0.35
53,4.798823340288894e-13,,,,,,,,,,,,,,,,,surface_compression,1,-0.10544711235281416,,0,12,0.047782506824561886,0.6081364456563562,102050946784816.28,64,64,0,0.35
54,5.309143229662375e-13,,,,,,,,,,,,,,,,,coordination,1,0.16696291771672836,,0,11,0.05086264074899727,0.44009316096506984,96953438387657.53,64,64,0,0.35
55,5.45669380028732e-13,,,,,,,,,,,,,,,,,coordination,1,0.12464916181123674,,0,10,0.03214969946521785,0.39317451952317445,100611117045134.66,64,64,0,0.35
56,5.468081785753099e-13,,,,,,,,,,,,,,,,,relaxation,1,-0.07126288802178189,,0,12,0.033312525159760784,0.46653276493381024,96642423780674.6,64,64,0,0.35
57,5.488196782177166e-13,,,,,,,,,,,,,,,,,surface_compression,1,-0.1597482238147343,-0.044471299004285925,1,12,0.0838409393188628,0.694773126764107,98169285026690.38,64,64,0,0.35
58,5.565403975995085e-13,,,,,,,,,,,,,,,,,random_surface,1,-0.04794453034632202,-0.11321760021698424,1,10,0.04437584991638272,0.7147197167933147,96127247821225.28,64,64,0,0.35
59,5.572888824828124e-13,,,,,,,,,,,,,,,,,coordination,1,-0.09103150988930982,-0.006447898011284536,1,11,0.03678735589387024,0.6170269923709546,101951862735580.0,64,64,0,0.35
60,5.648884735464633e-13,,,,,,,,,,,,,,,,,coordination,1,-0.06679320089700498,,0,12,0.02767443513542378,0.5800678603358816,99377460327093.5,64,64,0,0.35
61,5.649039361946395e-13,,,,,,,,,,,,,,,,,random_bulk,1,0.10025435500865479,,0,12,0.0453007273565554,0.33808951550723604,103610272121286.11,64,64,0,0.35
62,5.652805088033814e-13,,,,,,,,,,,,,,,,,random_surface,1,0.124471607393017,,0,11,0.04079080385506274,0.488181892830863,93950080168097.22,64,64,0,0.35
63,5.844348967353156e-13,,,,,,,,,,,,,,,,,relaxation,1,-0.17163177765107585,,0,11,0.05082194836019941,0.45626543454654084,92586737245962.19,64,64,0,0.35
64,6.037476242869702e-13,,,,,,,,,,,,,,,,,surface,1,0.17297369115497627,,0,11,0.03442051661847353,0.055657041659935284,90464445136777.97,64,64,0,0.35
65,6.079549388930704e-13,,,,,,,,,,,,,,,,,surface,1,0.20750593178276255,,0,12,0.03990737601285817,0.0570986434776094,102280738470913.45,64,64,0,0.35
66,6.126607346364072e-13,,,,,,,,,,,,,,,,,relaxation,1,0.10735563548840278,,0,10,0.04974222732300168,0.22041138922215342,97411406090312.64,64,64,0,0.35
67,6.19713925397818e-13,,,,,,,,,,,,,,,,,coordination,1,0.10601856359261962,,0,12,0.02797843568587829,0.19274004029362407,98685260365059.17,64,64,0,0.35
68,6.213855263867964e-13,,,,,,,,,,,,,,,,,coordination,1,0.14195731658190347,,0,12,0.03813850736213751,0.3595004331388044,97341351816494.52,64,64,0,0.35
69,6.376960268800811e-13,,,,,,,,,,,,,,,,,relaxation,1,-0.26879614447243244,,0,10,0.06926392040661307,0.6097490967313479,100282454031629.38,64,64,0,0.35
70,6.414728147218658e-13,,,,,,,,,,,,,,,,,random_bulk,1,0.06949106250107778,,0,11,0.022344762822903968,0.22078599623710232,91616088970283.48,64,64,0,0.35
71,6.547879146380653e-13,,,,,,,,,,,,,,,,,surface,1,0.0503858515325054,,0,11,0.018948982696447954,0.15752771648094147,103929640521087.78,64,64,0,0.35
72,6.548052073041837e-13,,,,,,,,,,,,,,,,,relaxation,1,-0.33298559358176694,,0,12,0.07900205962749193,0.555340171989656,100911925215772.28,64,64,0,0.35
73,6.559562566806197e-13,,,,,,,,,,,,,,,,,random_surface,1,0.17536003939105868,,0,12,0.03578181639709616,0.34924241144339113,93453321901970.97,64,64,0,0.35
74,6.577089494761823e-13,-6542.999816298536,-15.57857099118699,-46.73571297356097,133.0,223.0,356.0,273.0,83.0,1.5285714285714285,0.530952380952381,0.6458333333333334,0.7127976190476191,2.653616095704187,1.9016441783267444,2.0123080413809733,3.0812958095690863,surface_compression,1,-0.11465369228521761,-0.09506574186085182,1,12,0.049825957379022456,0.6068635263499612,101498354609112.62,64,64,0,0.35
75,6.615165401009479e-13,,,,,,,,,,,,,,,,,random_bulk,1,-0.4249058594457611,-0.3862108903628272,1,11,0.1454171634084565,0.614541932754236,103495893196941.28,64,64,0,0.35
76,6.949089564004321e-13,,,,,,,,,,,,,,,,,surface_compression,1,-0.05441373811438659,,0,11,0.04234062873505601,0.29812105823383334,102158613866226.56,64,64,0,0.35
77,6.985377949660898e-13,,,,,,,,,,,,,,,,,relaxation,1,0.28738715927489467,,0,12,0.08341656421625238,0.28993289561871477,98771179711883.72,64,64,0,0.35
78,7.260440678476286e-13,,,,,,,,,,,,,,,,,surface,1,0.2130806767427177,,0,11,0.037854450731483816,0.2681859382176514,102489962720671.7,64,64,0,0.35
79,7.290986945454968e-13,,,,,,,,,,,,,,,,,random_bulk,1,0.0065612368091445055,,0,11,0.1088133425823164,0.667556323904839,101400177895959.86,64,64,0,0.35
80,7.417521479012954e-13,,,,,,,,,,,,,,,,,relaxation,1,0.053715016423364875,,0,11,0.026629233400795066,0.2422784550093279,103718606372142.77,64,64,0,0.35
81,7.499792333221894e-13,,,,,,,,,,,,,,,,,surface_compression,1,-0.04486655148486259,-0.09812567643602321,1,11,0.029046397724928206,0.7796938297599301,99538842945468.56,64,64,0,0.35
82,7.778578872713088e-13,,,,,,,,,,,,,,,,,coordination,1,0.18875696197339983,,0,11,0.05361449469083293,0.26993517890513513,91165324781512.73,64,64,0,0.35
83,7.963067797923401e-13,,,,,,,,,,,,,,,,,surface,1,0.05039028271482715,,0,11,0.02604447408624435,0.3464031721513238,88622896728972.81,64,64,0,0.35
84,8.129561584238844e-13,,,,,,,,,,,,,,,,,coordination,1,0.045288067309833015,,0,12,0.076408743401508,0.5989578625504026,92684780649635.53,64,64,0,0.35
85,8.25479279252447e-13,,,,,,,,,,,,,,,,,surface,1,0.26195080913044305,,0,11,0.07048082016213866,0.303270968813795,105869030023358.86,64,64,0,0.35
86,8.272018318628574e-13,,,,,,,,,,,,,,,,,surface_compression,1,-0.6199460822998443,-0.7441711931314288,1,10,0.15803499930077822,0.8134314690884682,98339258542973.1,64,64,0,0.35
87,8.308046743811805e-13,,,,,,,,,,,,,,,,,surface,1,-0.19830304570591695,-0.014405745359242772,1,11,0.11912090341179983,0.6899860109501988,96037550035009.06,64,64,0,0.35
88,8.342931008346138e-13,,,,,,,,,,,,,,,,,relaxation,1,0.021906718079355198,,0,11,0.024741392995095257,0.676344665654153,93561251281657.47,64,64,0,0.35
89,8.351118487958478e-13,,,,,,,,,,,,,,,,,surface,1,-0.09146457771704514,,0,12,0.04803238715157634,0.5638199627581499,106727643536081.92,64,64,0,0.35
90,8.493073505195436e-13,,,,,,,,,,,,,,,,,surface_compression,1,0.08253637702215146,,0,9,0.029814394516265396,0.5433416585613728,105244611494308.62,64,64,0,0.35
91,8.49587448494855e-13,,,,,,,,,,,,,,,,,relaxation,1,0.16871859594243976,,0,12,0.08551211972213195,0.27210890338048216,95977796443928.44,64,64,0,0.35
92,8.589445509616637e-13,,,,,,,,,,,,,,,,,random_bulk,1,0.06264742911071973,,0,11,0.05193030224005185,0.3995020085035676,92086351488400.94,64,64,0,0.35
93,8.631517165968943e-13,,,,,,,,,,,,,,,,,coordination,1,-0.13997062020393192,,0,11,0.06941168239490732,0.4925983345898242,94266172448192.28,64,64,0,0.35
94,8.7039039339806e-13,,,,,,,,,,,,,,,,,relaxation,1,0.07774617882042593,,0,12,0.09943339981612155,0.625138817084814,86665729983110.19,64,64,0,0.35
95,9.254250706148747e-13,,,,,,,,,,,,,,,,,random_surface,1,-0.03259011477056461,,0,12,0.02090952700585537,0.6235197287227261,96748769262116.12,64,64,0,0.35
96,9.337707446007017e-13,,,,,,,,,,,,,,,,,random_bulk,1,-0.012207867878080507,,0,12,0.02028954510767269,0.4514517591510075,91586786211934.44,64,64,0,0.35
97,9.708925342852328e-13,,,,,,,,,,,,,,,,,surface_compression,1,0.1195763381982171,,0,10,0.033444969077414226,0.33031333812576136,97005308222079.94,64,64,0,0.35
98,9.758198478593942e-13,,,,,,,,,,,,,,,,,surface_compression,1,-0.07299553891429973,,0,12,0.0412391621380274,0.3187740556258627,101569419998868.92,64,64,0,0.35
99,9.871858463540292e-13,-6543.827880304311,-15.580542572153123,-46.74162771645937,133.0,224.0,357.0,275.0,82.0,1.5285714285714285,0.530952380952381,0.6439169139465876,0.7125,2.649653861816207,1.9009279964733654,2.0123080413809733,3.0812958095690863,rejected_coordination,0,-0.03475450256327469,0.00549244189598852,0,13,0.038513793291259424,0.5807624596720184,102237308498557.47,64,64,0,0.35
100,9.88069656850503e-13,,,,,,,,,,,,,,,,,surface,1,0.15801300179501032,,0,12,0.036446891177386205,0.25906969510940553,91631694134351.92,64,64,0,0.35
101,9.885794635180452e-13,,,,,,,,,,,,,,,,,surface,1,-0.127210512131978,,0,11,0.06643456030897608,0.5094911691851924,102166327331515.56,64,64,0,0.35
102,9.969729226000677e-13,,,,,,,,,,,,,,,,,coordination,1,0.19226693537327183,,0,12,0.048674520478908724,0.3169139387355808,93731829052619.08,64,64,0,0.35
103,1.0230931123902063e-12,,,,,,,,,,,,,,,,,surface_compression,1,-0.0815892422735665,,0,12,0.04738695295334613,0.46948368382622285,93396606479737.16,64,64,0,0.35
104,1.0287130425892448e-12,,,,,,,,,,,,,,,,,random_bulk,1,0.14703558124139532,,0,11,0.06447847463893569,0.32409733452233924,92527274263872.34,64,64,0,0.35
105,1.0416567618807079e-12,,,,,,,,,,,,,,,,,relaxation,1,-0.2485329558951533,,0,11,0.07490713950513334,0.47977225821824077,103888393777962.34,64,64,0,0.35
106,1.056605424628014e-12,,,,,,,,,,,,,,,,,coordination,1,0.06708043636014739,,0,12,0.04570494979651703,0.5353009316442323,96817515543683.53,64,64,0,0.35
107,1.0584722314780814e-12,,,,,,,,,,,,,,,,,surface,1,0.06221495031401652,,0,11,0.024429899062667085,0.4391367617129088,87136954338845.25,64,64,0,0.35
108,1.0834855839593705e-12,,,,,,,,,,,,,,,,,random_bulk,1,-0.013532214830280583,-0.00919753890485353,1,10,0.021630277224477124,0.665836294658158,93039129885783.97,64,64,0,0.35
109,1.0861426359761527e-12,,,,,,,,,,,,,,,,,coordination,1,-0.033091977755833,-0.024982813343225274,1,11,0.027481690593119088,0.7142443151403621,101230219239496.83,64,64,0,0.35
110,1.1056277621779956e-12,,,,,,,,,,,,,,,,,surface_compression,1,-0.14266436564183654,-0.05304911499956688,1,11,0.05563154041554469,0.7773192093593054,93855404459324.5,64,64,0,0.35
111,1.1211613508900698e-12,,,,,,,,,,,,,,,,,surface_compression,1,0.0051636705340718765,,0,12,0.053154760017247164,0.36342748815177334,101036509843673.5,64,64,0,0.35
112,1.123823523174255e-12,,,,,,,,,,,,,,,,,surface_compression,1,0.17297509824122542,,0,11,0.03900699036262374,0.22941768752653335,91183335523620.72,64,64,0,0.35
113,1.148508785085947e-12,,,,,,,,,,,,,,,,,relaxation,1,-0.12953160166381963,,0,12,0.06513707315760463,0.5141339916600997,89631759106405.72,64,64,0,0.35
114,1.2168335041249758e-12,,,,,,,,,,,,,,,,,relaxation,1,-0.07730599298171616,,0,12,0.04127255235052172,0.39592900160114297,98457572243825.38,64,64,0,0.35
115,1.231526401117034e-12,,,,,,,,,,,,,,,,,surface_compression,1,0.13819696952004498,,0,12,0.042707134642696466,0.29930775641410967,98359141081467.72,64,64,0,0.35
116,1.2436028405466341e-12,,,,,,,,,,,,,,,,,relaxation,1,-0.06293633514659776,,0,12,0.04131060727899132,0.4585790588005569,94339738766609.78,64,64,0,0.35
117,1.2509342924963582e-12,,,,,,,,,,,,,,,,,relaxation,1,0.05332664162265756,,0,11,0.07950941871288053,0.42689771892642137,89844144085603.66,64,64,0,0.35
118,1.2534442124222373e-12,,,,,,,,,,,,,,,,,surface_compression,1,-0.006890384612722308,,0,12,0.043370552527541045,0.33851280579816667,107665287511325.38,64,64,0,0.35
119,1.2685197922603513e-12,,,,,,,,,,,,,,,,,random_bulk,1,-0.3269055317006186,-0.29801832838869835,1,12,0.14845240295535853,0.5828309860898157,92932554333855.95,64,64,0,0.35
120,1.2692118849327025e-12,,,,,,,,,,,,,,,,,relaxation,1,-0.2131147624791649,,0,11,0.05245886926927987,0.49885089336241023,104305573855087.27,64,64,0,0.35
121,1.2776577086575121e-12,,,,,,,,,,,,,,,,,coordination,1,-0.22109288195494312,,0,12,0.15157752284909803,0.45286162743460195,99697856007668.47,64,64,0,0.35
122,1.2877060341211672e-12,,,,,,,,,,,,,,,,,random_surface,1,0.12221335266150223,,0,12,0.03883133611307119,0.5610744323825435,99650570000861.5,64,64,0,0.35
123,1.3073056351029381e-12,,,,,,,,,,,,,,,,,coordination,1,-0.024749225183169753,,0,12,0.040258005068719876,0.44075520660727624,88215367765120.95,64,64,0,0.35
124,1.3118315921530026e-12,-6545.468684114888,-15.58444924789259,-46.75334774367777,133.0,225.0,358.0,278.0,80.0,1.5380952380952382,0.5238095238095238,0.6312684365781711,0.7107142857142857,2.688346883468834,1.9009279964733654,2.0123080413809733,3.0812958095690863,random_surface,1,-0.01144556076750809,-0.005381177258787062,0,11,0.02111653116794602,0.6926428360380462,99562525703626.16,64,64,0,0.35
125,1.3242481171231846e-12,,,,,,,,,,,,,,,,,relaxation,1,-0.15403682625209633,,0,11,0.042553586557141004,0.48081058991410786,91036168214223.28,64,64,0,0.35
126,1.336396853756644e-12,,,,,,,,,,,,,,,,,surface,1,-0.29057275830020945,-0.26128311233338763,1,12,0.1577783411980772,0.4344331076040399,100098748679534.44,64,64,0,0.35
127,1.3588204994179681e-12,,,,,,,,,,,,,,,,,coordination,1,0.22049586599437854,,0,12,0.053001267938668196,0.35908483713485645,108197555927972.6,64,64,0,0.35
128,1.3640006234633793e-12,,,,,,,,,,,,,,,,,random_bulk,1,0.06883691065106655,,0,12,0.027623481184090876,0.528058608604868,95224682074902.22,64,64,0,0.35
129,1.3671898343884756e-12,,,,,,,,,,,,,,,,,relaxation,1,0.08883438520975513,,0,12,0.035817063120074905,0.46382818305714796,105012176731076.81,64,64,0,0.35
130,1.4104610422511514e-12,,,,,,,,,,,,,,,,,surface,1,-0.021817313220009057,,0,11,0.02509894245867394,0.6111027801288655,100734712178535.16,64,64,0,0.35
131,1.4203326689149048e-12,,,,,,,,,,,,,,,,,coordination,1,0.3243785221472138,,0,11,0.10094124721532072,0.5166921803015974,99752196685777.66,64,64,0,0.35
132,1.4267978242524015e-12,,,,,,,,,,,,,,,,,random_surface,1,-0.08745181185273351,-0.02669706596248389,1,11,0.04873771029838904,0.686647754535913,96209295527214.0,64,64,0,0.35
133,1.4431054402088433e-12,,,,,,,,,,,,,,,,,surface_compression,1,-0.023770250617839203,,0,10,0.05522303690020071,0.37796630561695355,100403284747230.02,64,64,0,0.35
134,1.4588606395528301e-12,,,,,,,,,,,,,,,,,coordination,1,-0.017178991428202665,,0,11,0.06037676466579166,0.46126083644736865,95658488194718.6,64,64,0,0.35
135,1.4696624403564833e-12,,,,,,,,,,,,,,,,,relaxation,1,-0.20378180616535238,,0,12,0.06097599897622646,0.3264111291926227,101364144925363.64,64,64,0,0.35
136,1.4811490475035573e-12,,,,,,,,,,,,,,,,,surface_compression,1,0.14853668887729782,,0,11,0.029487867573972846,0.2872848976397096,98909291110730.53,64,64,0,0.35
137,1.5020588310741947e-12,,,,,,,,,,,,,,,,,surface_compression,1,0.05152244781086392,,0,12,0.02190245172031418,0.5321396580133617,97594190263144.77,64,64,0,0.35
138,1.505411772361064e-12,,,,,,,,,,,,,,,,,random_surface,1,0.05540858967664185,,0,12,0.03188628695363543,0.5541434449850571,93070173157736.3,64,64,0,0.35
139,1.5054284284715426e-12,,,,,,,,,,,,,,,,,surface,1,0.1855599448848436,,0,11,0.03923298631612822,0.3288505844844717,95794403380741.9,64,64,0,0.35
140,1.5085418494402241e-12,,,,,,,,,,,,,,,,,surface_compression,1,0.029231511674041283,,0,12,0.03390213185044087,0.3183244585623223,99227653902823.53,64,64,0,0.35
141,1.5235218847350697e-12,,,,,,,,,,,,,,,,,coordination,1,0.41624017656110934,,0,11,0.08174055281532146,0.3316158734573675,87256746503864.14,64,64,0,0.35
142,1.5791644486397213e-12,,,,,,,,,,,,,,,,,relaxation,1,-0.1888031854478862,-0.5084939712634196,1,12,0.08102935805887203,0.6025098624938524,94109492236446.16,64,64,0,0.35
143,1.5922858810871217e-12,,,,,,,,,,,,,,,,,relaxation,1,-0.14710545856879,-0.8909704597374812,1,10,0.08729596847957305,0.6932741966584676,97198082831998.23,64,64,0,0.35
144,1.5935000549567306e-12,,,,,,,,,,,,,,,,,surface,1,0.05572069488327017,,0,12,0.05140258379568229,0.23641078845114102,92339521927856.1,64,64,0,0.35
145,1.5976962209780184e-12,,,,,,,,,,,,,,,,,surface_compression,1,0.061148311197017656,,0,12,0.044627497927869554,0.3265650260589923,90248134856657.47,64,64,0,0.35
146,1.598180969473568e-12,,,,,,,,,,,,,,,,,random_surface,1,0.09191504035719371,,0,11,0.025178483707746047,0.22594570205623085,91310111411980.1,64,64,0,0.35
147,1.6022843811704994e-12,,,,,,,,,,,,,,,,,random_surface,1,-0.022849745615117076,,0,11,0.05321295643338565,0.570252976635473,98750215726373.16,64,64,0,0.35
148,1.6076231544929597e-12,,,,,,,,,,,,,,,,,random_surface,1,-0.030584427117941054,-0.11412097308814495,1,11,0.029129396692414884,0.704914819886713,100898365168184.31,64,64,0,0.35
149,1.6214689137281131e-12,-6545.923626698629,-15.585532444520545,-46.756597333561636,133.0,225.0,358.0,266.0,92.0,1.542857142857143,0.5214285714285715,0.6391437308868502,0.7098214285714286,2.6746074715755284,1.9009279964733654,2.0123080413809733,3.0330957328813724,rejected_surface,0,-0.025691628870579082,0.08181711908382994,0,13,0.02547401672746913,0.29568291391257434,95282245721403.69,64,64,0,0.35
150,1.6738438894455683e-12,,,,,,,,,,,,,,,,,surface,1,-0.747095949170812,-0.3677370517169454,1,9,0.1895501699262814,0.7645851960480982,95951947293624.53,64,64,0,0.35
151,1.7089944565890892e-12,,,,,,,,,,,,,,,,,relaxation,1,-0.22820179230910775,,0,10,0.04797099629493016,0.5982749844811245,103314425994506.6,64,64,0,0.35
152,1.7106270085143036e-12,,,,,,,,,,,,,,,,,random_bulk,1,-0.08355734114400794,,0,12,0.03130558127506663,0.5641347180006308,95052193554174.92,64,64,0,0.35
153,1.7320194307695502e-12,,,,,,,,,,,,,,,,,coordination,1,0.04856026807099805,,0,11,0.02850837759887703,0.40408371000633303,78032517917218.88,64,64,0,0.35
154,1.742320155606485e-12,,,,,,,,,,,,,,,,,surface_compression,1,0.1694027496933785,,0,11,0.03660118864950565,0.08926305372617259,95725530609948.47,64,64,0,0.35
155,1.7641165451119472e-12,,,,,,,,,,,,,,,,,random_bulk,1,0.17916122107528637,,0,11,0.03980721531423606,0.2260660851200182,93354226460604.47,64,64,0,0.35
156,1.7924629486116013e-12,,,,,,,,,,,,,,,,,coordination,1,0.053349204763128426,,0,12,0.0370757388475189,0.26124890740929524,101058436564991.06,64,64,0,0.35
157,1.825312143905662e-12,,,,,,,,,,,,,,,,,surface_compression,1,-0.046290706477428306,,0,11,0.03199353606921068,0.5660190541652775,98105542537475.4,64,64,0,0.35
158,1.832979789333534e-12,,,,,,,,,,,,,,,,,surface,1,-0.29214772422591745,-0.1272856342459434,1,12,0.1559462259915429,0.4654970212438888,87456022664524.34,64,64,0,0.35
159,1.8361903725544957e-12,,,,,,,,,,,,,,,,,coordination,1,0.03305687915717883,,0,11,0.024776537005690755,0.2672082993718568,97657088691759.7,64,64,0,0.35
160,1.8499956231656344e-12,,,,,,,,,,,,,,,,,coordination,1,0.12850722909959697,,0,12,0.03853649328476544,0.2874327433504853,93447692177441.5,64,64,0,0.35
161,1.850604385904483e-12,,,,,,,,,,,,,,,,,surface_compression,1,0.03712011245684637,,0,12,0.02645111708653068,0.5280031395353486,88679744347137.6,64,64,0,0.35
162,1.8706823146579486e-12,,,,,,,,,,,,,,,,,surface,1,0.08306221062474546,,0,12,0.026358013084523686,0.16671647180420163,87638958570243.4,64,64,0,0.35
163,1.888112943991561e-12,,,,,,,,,,,,,,,,,coordination,1,-0.0311847493194972,,0,11,0.03796448811514663,0.28451172991714296,89720763375356.4,64,64,0,0.35
164,1.888693565603183e-12,,,,,,,,,,,,,,,,,surface_compression,1,0.21667640855809456,,0,12,0.05789578844296241,0.26047806126547307,96516612036856.28,64,64,0,0.35
165,1.909741995651796e-12,,,,,,,,,,,,,,,,,surface_compression,1,0.3604127125321219,,0,12,0.04765386051745406,0.18718692991051752,98745631360541.03,64,64,0,0.35
166,1.927237924185897e-12,,,,,,,,,,,,,,,,,coordination,1,0.16920842568744,,0,12,0.06773063136604163,0.4894139410346779,84025399343925.28,64,64,0,0.35
167,1.936912584078965e-12,,,,,,,,,,,,,,,,,relaxation,1,-0.3219577696327984,-0.22494344801441812,1,11,0.14662782378677763,0.31875293246505554,91510052089868.55,64,64,0,0.35
168,1.9563017285128784e-12,,,,,,,,,,,,,,,,,surface,1,-0.007898550021286954,-0.1267474724127382,1,11,0.02719998111529826,0.7241199479567723,91240446223878.12,64,64,0,0.35
169,1.9647674536680024e-12,,,,,,,,,,,,,,,,,surface_compression,1,0.03305430673565433,,0,12,0.1372835255121937,0.5153763045271519,99128788164833.56,64,64,0,0.35
170,1.9674153726018078e-12,,,,,,,,,,,,,,,,,relaxation,1,0.08670543373070513,,0,11,0.03363328952673952,0.286028405261379,102851663834858.0,64,64,0,0.35
171,1.972571771165669e-12,,,,,,,,,,,,,,,,,coordination,1,0.29895786867080876,,0,12,0.04471885023962335,0.06671076124341677,94124076207172.36,64,64,0,0.35
172,1.9956380142643817e-12,,,,,,,,,,,,,,,,,surface,1,0.07800208956241543,,0,12,0.03598065361713488,0.5738774009854318,101631920160813.03,64,64,0,0.35
173,1.9982499913570865e-12,,,,,,,,,,,,,,,,,random_bulk,1,0.02758194448457553,,0,12,0.045243640715222,0.2681849522849365,93015679592354.6,64,64,0,0.35
174,2.0061223371547402e-12,-6546.692026327108,-15.587361967445494,-46.76208590233648,133.0,225.0,358.0,269.0,89.0,1.5380952380952382,0.5238095238095238,0.6363636363636364,0.7107142857142857,2.6594594594594594,1.9009279964733654,2.0123080413809733,3.0330957328813724,rejected_surface,0,0.15350934337617061,0.1824099649530062,0,12,0.036504751463007516,0.2382149487243359,102384422242357.9,64,64,0,0.35
175,2.0113953458515412e-12,,,,,,,,,,,,,,,,,surface,1,-0.1589575627173326,-0.1101720408291662,1,11,0.05766210161298984,0.8252604512298085,88922127392250.28,64,64,0,0.35
176,2.049482922202957e-12,,,,,,,,,,,,,,,,,coordination,1,-0.13390127726663528,,0,12,0.077605398888277,0.4006337541625817,91684608538640.78,64,64,0,0.35
177,2.0528674913733036e-12,,,,,,,,,,,,,,,,,surface_compression,1,-0.009623662727750998,,0,11,0.02408103684330733,0.3983100186224313,90812674450655.66,64,64,0,0.35
178,2.0567920865638143e-12,,,,,,,,,,,,,,,,,relaxation,1,-0.022410782888559567,,0,11,0.05379132041188826,0.5565888108064231,106443772472401.94,64,64,0,0.35
179,2.1162380636456782e-12,,,,,,,,,,,,,,,,,random_surface,1,-0.004174515726640298,-0.08035448900946562,1,11,0.028092763587872886,0.6414684930756649,88198528180440.88,64,64,0,0.35
180,2.1169554397244814e-12,,,,,,,,,,,,,,,,,relaxation,1,-0.42124698578171776,-0.3909588025708697,1,11,0.1465598934264555,0.682755790773118,92768586642342.94,64,64,0,0.35
181,2.1192915997437966e-12,,,,,,,,,,,,,,,,,random_bulk,1,0.053860967674976806,,0,11,0.04436069893385841,0.4802693453093042,98817561593695.39,64,64,0,0.35
182,2.126056641951177e-12,,,,,,,,,,,,,,,,,surface_compression,1,0.014559847497299617,,0,12,0.050351024072401836,0.5732496724496021,92079640467907.88,64,64,0,0.35
183,2.126462731582835e-12,,,,,,,,,,,,,,,,,surface_compression,1,-0.03500370471751257,,0,12,0.029794395164008735,0.5839610645945786,96579253770993.66,64,64,0,0.35
184,2.1320048356110533e-12,,,,,,,,,,,,,,,,,surface_compression,1,0.0767018892880765,,0,10,0.027757504641205907,0.29007269554110304,95898700193011.02,64,64,0,0.35
185,2.1894591731384908e-12,,,,,,,,,,,,,,,,,surface,1,0.08829760445062008,,0,11,0.048593875866924104,0.45631365087529113,92323149264866.98,64,64,0,0.35
186,2.195122664119195e-12,,,,,,,,,,,,,,,,,surface,1,0.11834653574480815,,0,12,0.03828170066393898,0.17470374304723194,92488575601366.98,64,64,0,0.35
187,2.2053703445905673e-12,,,,,,,,,,,,,,,,,coordination,1,-0.05014450626110869,-0.045536088084823234,1,12,0.03434695341350527,0.6029811749679869,89713370647875.52,64,64,0,0.35
188,2.2450434726733367e-12,,,,,,,,,,,,,,,,,coordination,1,-0.04204744680445185,,0,10,0.056186225031373105,0.43291945546157357,99061761122384.36,64,64,0,0.35
189,2.250958481723981e-12,,,,,,,,,,,,,,,,,random_surface,1,-0.045361549868814105,,0,11,0.020768862165662982,0.6750965807932553,99814111339913.27,64,64,0,0.35
190,2.27640749049619e-12,,,,,,,,,,,,,,,,,relaxation,1,-0.4695763094501044,,0,11,0.15630310445567358,0.5613906383006017,100841381145904.4,64,64,0,0.35
191,2.293340153752746e-12,,,,,,,,,,,,,,,,,surface,1,0.1377190236139006,,0,11,0.03302651881147169,0.4603879589982597,98678096456332.47,64,64,0,0.35
192,2.298586486871639e-12,,,,,,,,,,,,,,,,,surface,1,0.07649453443466493,,0,11,0.03836307741714799,0.23268439704412675,87279365718006.6,64,64,0,0.35
193,2.302549865779e-12,,,,,,,,,,,,,,,,,surface,1,0.03135504152818118,,0,11,0.02694066862375263,0.658872391275332,89058061648697.6,64,64,0,0.35
194,2.310395249074326e-12,,,,,,,,,,,,,,,,,coordination,1,-0.21885885884141498,-0.013347868867878532,1,12,0.058987457431711667,0.7326199860409521,98411711215790.11,64,64,0,0.35
195,2.320719351635237e-12,,,,,,,,,,,,,,,,,coordination,1,0.05827555832146648,,0,11,0.04310244336416308,0.26865410378662635,95059932856985.36,64,64,0,0.35
196,2.3226499774030255e-12,,,,,,,,,,,,,,,,,coordination,1,-0.0032579352658353763,,0,12,0.04116855670640707,0.5479547371655805,94667981879439.83,64,64,0,0.35
197,2.35341039365264e-12,,,,,,,,,,,,,,,,,random_surface,1,-0.0017318456725585018,,0,11,0.01623852120619099,0.4844576548427168,97732399117137.78,64,64,0,0.35
198,2.3598075578979827e-12,,,,,,,,,,,,,,,,,relaxation,1,0.07734599957423609,,0,11,0.02887820482022728,0.46749628393676623,101871552555752.22,64,64,0,0.35
199,2.3615767995187056e-12,-6547.76698863177,-15.589921401504213,-46.76976420451264,133.0,225.0,358.0,269.0,89.0,1.5380952380952382,0.5238095238095238,0.6393939393939394,0.7107142857142857,2.732550290265965,1.9013523900215805,2.0123080413809733,3.0330957328813724,relaxation,1,-0.06309605493290599,-0.13532291649835315,0,12,0.025370729888163322,0.5035839962932855,93080807027951.36,64,64,0,0.35
200,2.3616713208649224e-12,,,,,,,,,,,,,,,,,surface_compression,1,0.0811430441201509,,0,12,0.10365060204659142,0.4757261017563743,102830999335093.5,64,64,0,0.35
201,2.3619190704649665e-12,,,,,,,,,,,,,,,,,relaxation,1,0.30726590564522377,,0,12,0.1136245451588723,0.5192129040862359,90404686838490.6,64,64,0,0.35
202,2.371062983929186e-12,,,,,,,,,,,,,,,,,surface,1,-0.06457433772820075,-0.028048058212377214,1,12,0.04385592547502416,0.7531993756531714,86551757441874.84,64,64,0,0.35
203,2.3912757066020857e-12,,,,,,,,,,,,,,,,,coordination,1,-0.36469730163596936,,0,11,0.1583871344587413,0.29893416565889097,87008896515057.25,64,64,0,0.35
204,2.402752033607121e-12,,,,,,,,,,,,,,,,,surface,1,-0.002711740680902423,,0,10,0.03829937455356633,0.32079232875848834,101170064675280.1,64,64,0,0.35
205,2.408221383165769e-12,,,,,,,,,,,,,,,,,random_surface,1,0.11553573528282099,,0,12,0.04330918785271626,0.35965027232468855,91268742712705.44,64,64,0,0.35
206,2.415576081713726e-12,,,,,,,,,,,,,,,,,random_surface,1,0.14722964344209621,,0,12,0.061653834791665425,0.529137010899802,92656312164612.22,64,64,0,0.35
207,2.421943558975158e-12,,,,,,,,,,,,,,,,,surface,1,-0.3724886691889355,-0.16765220197330422,1,12,0.14753855695931453,0.4599169651080291,95992174481366.1,64,64,0,0.35
208,2.426083617728887e-12,,,,,,,,,,,,,,,,,relaxation,1,0.03626232539541769,,0,12,0.0536445092970838,0.44410921052049956,86987359494856.27,64,64,0,0.35
209,2.4280463213844326e-12,,,,,,,,,,,,,,,,,coordination,1,0.05050025898472961,,0,12,0.02549486514159587,0.4941323990986851,91324483453004.83,64,64,0,0.35
210,2.44241797728845e-12,,,,,,,,,,,,,,,,,surface_compression,1,-0.05389401242201243,-0.039218038028767666,1,10,0.03718651120008791,0.7389902750311302,95829705202969.86,64,64,0,0.35
211,2.4529705768329924e-12,,,,,,,,,,,,,,,,,surface,1,-0.14121903809652142,,0,9,0.05824553181858036,0.6904270582162992,108538682337845.66,64,64,0,0.35
212,2.479265031351623e-12,,,,,,,,,,,,,,,,,surface_compression,1,0.01694429619102916,,0,12,0.030735765314373206,0.5284799807726476,88234228564741.1,64,64,0,0.35
213,2.5002244520992695e-12,,,,,,,,,,,,,,,,,relaxation,1,-0.3897305761004634,-0.37783514736327106,1,10,0.14432587661096252,0.804059491327058,100640665144867.88,64,64,0,0.35
214,2.5064514497499064e-12,,,,,,,,,,,,,,,,,relaxation,1,-0.2954527134444948,-0.1769950960145792,1,12,0.15660076811099746,0.5993626690286831,84090445836279.69,64,64,0,0.35
215,2.5175776049330754e-12,,,,,,,,,,,,,,,,,surface_compression,1,-0.0779183567802504,-0.14128110469185984,1,12,0.02449522998005148,0.6953391438100672,93199349544313.92,64,64,0,0.35
216,2.5216277085744354e-12,,,,,,,,,,,,,,,,,surface,1,-0.08453756837946654,-0.21350200951584242,1,11,0.03753986419748239,0.6982146817840381,100857496181478.66,64,64,0,0.35
217,2.5279065906380053e-12,,,,,,,,,,,,,,,,,surface,1,0.01652409991056511,,0,11,0.04498402050355747,0.174238033553537,89314323453848.39,64,64,0,0.35
218,2.5380429068144024e-12,,,,,,,,,,,,,,,,,random_surface,1,0.05242482334614944,,0,11,0.033402329813225,0.4915064565032833,86149461200092.86,64,64,0,0.35
219,2.54166470858905e-12,,,,,,,,,,,,,,,,,random_surface,1,-0.17862878872470855,-0.10954207882622313,1,12,0.059070805664120145,0.6356080984507096,91144490703470.88,64,64,0,0.35
220,2.5418287173446373e-12,,,,,,,,,,,,,,,,,relaxation,1,0.517361566898028,,0,12,0.12109143263605887,0.4940525849535544,88606553152785.34,64,64,0,0.35
221,2.544482774591808e-12,,,,,,,,,,,,,,,,,relaxation,1,-0.022202174566086974,,0,12,0.060642673672864786,0.5619214078875975,82984678189802.81,64,64,0,0.35
222,2.550251756005447e-12,,,,,,,,,,,,,,,,,relaxation,1,0.4759635033075909,-0.36607231152189,1,11,0.15660893189533553,0.5005634674495633,97255618338145.31,64,64,0,0.35
223,2.5611272786904716e-12,,,,,,,,,,,,,,,,,surface,1,-0.1758353877769699,-0.11019497233612086,1,12,0.071207246618167,0.6453366021434624,90907034395717.5,64,64,0,0.35
224,2.5746446631858235e-12,-6550.810749158415,-15.597168450377179,-46.79150535113153,134.0,227.0,361.0,261.0,100.0,1.5523809523809524,0.5214285714285715,0.6551724137931034,0.7080357142857143,2.706564226984769,1.9013523900215805,2.0123080413809733,3.0330957328813724,relaxation,1,-0.19101858165242805,-0.09596181098188517,1,12,0.05250152076944986,0.5767654444728341,87928360866865.1,64,64,0,0.35
225,2.580961711283089e-12,,,,,,,,,,,,,,,,,coordination,1,-0.14983888765321315,,0,12,0.06029037687868742,0.5184078177061633,86180239062890.33,64,64,0,0.35
226,2.5880532837567124e-12,,,,,,,,,,,,,,,,,surface_compression,1,0.14400343147512434,,0,12,0.042753467230224065,0.5470796573567226,94669226177704.27,64,64,0,0.35
227,2.590353844481941e-12,,,,,,,,,,,,,,,,,random_bulk,1,0.049651082426276,,0,11,0.023780513593781454,0.4447460590639224,88108560102786.28,64,64,0,0.35
228,2.6095264520410973e-12,,,,,,,,,,,,,,,,,random_surface,1,-0.06149903188417826,,0,12,0.04110824565784986,0.48187339408096974,90869194085386.62,64,64,0,0.35
229,2.6191700355518366e-12,,,,,,,,,,,,,,,,,surface,1,0.11813790976331179,,0,12,0.03130306029534784,0.3658798949679484,92623397715682.69,64,64,0,0.35
230,2.6320713936270166e-12,,,,,,,,,,,,,,,,,coordination,1,-0.008381008808767994,,0,10,0.029587558326018913,0.38595326926477697,91452722192980.23,64,64,0,0.35
231,2.635828352214325e-12,,,,,,,,,,,,,,,,,relaxation,1,-0.0820667448580604,,0,11,0.04168138191921204,0.35499357649992447,87630246995478.03,64,64,0,0.35
232,2.64112339599644e-12,,,,,,,,,,,,,,,,,coordination,1,-0.04694802547249146,,0,12,0.0804559343955066,0.39374481062058486,101244040865120.17,64,64,0,0.35
233,2.6532381144388054e-12,,,,,,,,,,,,,,,,,coordination,1,0.19192820649302178,,0,10,0.0357078526868013,0.17573697147612594,99804349028439.62,64,64,0,0.35
234,2.6537079923034266e-12,,,,,,,,,,,,,,,,,surface,1,-0.12675148932591754,,0,12,0.07294087921019132,0.3252955803453435,98591621395581.34,64,64,0,0.35
235,2.656794555000753e-12,,,,,,,,,,,,,,,,,coordination,1,-0.24562754059755723,-0.031872196037404876,1,12,0.06034517652062837,0.559244826436829,85509833462285.0,64,64,0,0.35
236,2.6595071716007782e-12,,,,,,,,,,,,,,,,,coordination,1,-0.10884874007540457,,0,10,0.053973184329238616,0.43563314984268614,88458493447311.1,64,64,0,0.35
237,2.6656350433056902e-12,,,,,,,,,,,,,,,,,surface_compression,1,-0.06700893290231862,-0.03922716588776254,1,12,0.02189400249923156,0.8479442904038212,88543719942412.06,64,64,0,0.35
238,2.6933819519246755e-12,,,,,,,,,,,,,,,,,surface_compression,1,0.04445688959309585,,0,12,0.027694092719281367,0.4093838652660593,90683659316357.66,64,64,0,0.35
239,2.6948118446317135e-12,,,,,,,,,,,,,,,,,surface,1,0.044620242426318193,,0,12,0.04561589576042237,0.38112012115999067,91501489139859.77,64,64,0,0.35
240,2.6959768779833636e-12,,,,,,,,,,,,,,,,,coordination,1,0.02999987791481623,,0,12,0.029963816791899453,0.19695521568600072,94982183491757.97,64,64,0,0.35
241,2.7028130772599552e-12,,,,,,,,,,,,,,,,,random_surface,1,-0.043384591560078775,-0.23039098905282884,1,10,0.028926870657022635,0.7923492976665056,100392119698478.03,64,64,0,0.35
242,2.7049437434761062e-12,,,,,,,,,,,,,,,,,surface,1,-0.10722072494272786,,0,10,0.05952411451786991,0.3909919845300751,88480997489012.16,64,64,0,0.35
243,2.7369106536004768e-12,,,,,,,,,,,,,,,,,random_surface,1,-0.011743212574484298,,0,12,0.027318529667859387,0.5760768610404228,88363594614400.03,64,64,0,0.35
244,2.7539370404466187e-12,,,,,,,,,,,,,,,,,coordination,1,0.036873551549470175,,0,11,0.08139244617199143,0.35373001069579335,94376699039716.08,64,64,0,0.35
245,2.761536776436509e-12,,,,,,,,,,,,,,,,,surface_compression,1,0.08473056516218695,,0,10,0.06685709406642856,0.5536911987751683,99438178076681.14,64,64,0,0.35
246,2.7620987712060697e-12,,,,,,,,,,,,,,,,,surface_compression,1,0.029582221920495404,,0,11,0.04348887770223694,0.5360492977211903,105734578331674.44,64,64,0,0.35
247,2.76417513793893e-12,,,,,,,,,,,,,,,,,surface,1,-0.3666933230368286,-0.022507138090077206,1,11,0.1471520467362482,0.4276532727083982,95340493674884.84,64,64,0,0.35
248,2.76962362473551e-12,,,,,,,,,,,,,,,,,coordination,1,0.08868848854663185,,0,10,0.04289852491880375,0.2358045033247157,92232598440137.78,64,64,0,0.35
249,2.7700555757165035e-12,-6549.728225824281,-15.594591013867337,-46.78377304160201,134.0,227.0,361.0,263.0,98.0,1.5523809523809524,0.5214285714285715,0.6510903426791277,0.7080357142857143,2.691427802449199,1.9007521297565948,2.0123080413809733,3.0330957328813724,rejected_random_surface,0,0.05019361687081449,0.009439593589643636,0,12,0.02166388140791494,0.3997487808829155,79956927249392.8,64,64,0,0.35
250,2.790848436132624e-12,,,,,,,,,,,,,,,,,random_bulk,1,-0.0689719684408178,,0,12,0.06256333618074277,0.3737313482741228,85110087539164.22,64,64,0,0.35
251,2.805631996112621e-12,,,,,,,,,,,,,,,,,random_surface,1,-0.10190442130617076,-0.025888688059374942,1,11,0.03526382541705098,0.6888857768511887,88306070378154.31,64,64,0,0.35
252,2.8100280009834357e-12,,,,,,,,,,,,,,,,,random_surface,1,-0.11975912481834203,-0.06741987135967165,1,11,0.04688204604034234,0.6870784168376253,81485043027113.28,64,64,0,0.35
253,2.8364919603523197e-12,,,,,,,,,,,,,,,,,coordination,1,-0.021496451684578918,,0,12,0.025857808198435746,0.4491681921098454,90448816827023.61,64,64,0,0.35
254,2.8387442349245292e-12,,,,,,,,,,,,,,,,,coordination,1,0.027353200690237854,,0,11,0.03993788742183496,0.4335062535440887,84851458016926.6,64,64,0,0.35
255,2.8496078624224155e-12,,,,,,,,,,,,,,,,,relaxation,1,-0.028781592145066124,,0,11,0.05978404693646818,0.5394091400996427,91576477903668.55,64,64,0,0.35
256,2.8632345858407584e-12,,,,,,,,,,,,,,,,,surface,1,0.3221319745820582,,0,11,0.11343758089845822,0.3143892851897795,93651509318330.44,64,64,0,0.35
257,2.8698904915151653e-12,,,,,,,,,,,,,,,,,relaxation,1,-0.2257645876144669,,0,12,0.12069783960355109,0.47197654575060743,87285138840845.06,64,64,0,0.35
258,2.871984167614536e-12,,,,,,,,,,,,,,,,,random_bulk,1,-0.09735429605485783,-0.06253757886171485,1,11,0.03463676641154954,0.6768643903885225,91477854595823.75,64,64,0,0.35
259,2.8808291467330492e-12,,,,,,,,,,,,,,,,,surface_compression,1,0.28237248383799113,,0,10,0.043839307141469476,0.18475857624558867,92199546769118.22,64,64,0,0.35
260,2.913045239422552e-12,,,,,,,,,,,,,,,,,random_bulk,1,0.03888101377061349,,0,12,0.08973698144398917,0.5107187425349327,89351512919272.47,64,64,0,0.35
261,2.9185019451149173e-12,,,,,,,,,,,,,,,,,random_surface,1,0.18668046013878847,,0,11,0.038439513682535835,0.25762246289944296,83703507950726.88,64,64,0,0.35
262,2.944122224408055e-12,,,,,,,,,,,,,,,,,coordination,1,0.0692061774566254,,0,10,0.025882392611507342,0.32480384193268835,93488987764764.12,64,64,0,0.35
263,2.9466021226853435e-12,,,,,,,,,,,,,,,,,relaxation,1,0.0009911852055271512,,0,11,0.08723529987438768,0.23066809815795503,107155949107159.25,64,64,0,0.35
264,2.947363781603862e-12,,,,,,,,,,,,,,,,,relaxation,1,-0.23734716178308232,,0,10,0.0832299866817317,0.4983774259246201,89143248057655.44,64,64,0,0.35
265,2.965321027083063e-12,,,,,,,,,,,,,,,,,relaxation,1,-0.03696760894390121,,0,12,0.051122633248688445,0.3843938606392762,92559070068102.03,64,64,0,0.35
266,2.9693272899017434e-12,,,,,,,,,,,,,,,,,random_bulk,1,-0.005236076889142682,,0,11,0.018898685901738235,0.3674972230335316,87657412344513.94,64,64,0,0.35
267,2.9697366788505346e-12,,,,,,,,,,,,,,,,,random_bulk,1,-0.17855450400524717,,0,12,0.05985791788342242,0.3848273829436184,90857233954639.77,64,64,0,0.35
268,2.997154677466904e-12,,,,,,,,,,,,,,,,,coordination,1,0.047772057318234994,,0,12,0.03331549757405812,0.47595693629296004,90723825772412.31,64,64,0,0.35
269,3.0024041155147443e-12,,,,,,,,,,,,,,,,,random_bulk,1,-0.17816468704234084,,0,11,0.07567149729542551,0.4855780791842472,91204423378746.89,64,64,0,0.35
270,3.015275222493225e-12,,,,,,,,,,,,,,,,,coordination,1,0.014660990664902574,,0,11,0.04975777275237462,0.40600985526707256,88002084033228.78,64,64,0,0.35
271,3.0200473195203936e-12,,,,,,,,,,,,,,,,,random_bulk,1,0.0036975550370526803,-0.04785902579483192,1,11,0.01891417989355559,0.6118512869385936,95507198448207.9,64,64,0,0.35
272,3.0395070599567752e-12,,,,,,,,,,,,,,,,,surface_compression,1,-0.008639127087320841,,0,12,0.08757436751459291,0.32961118270008277,84230839982432.38,64,64,0,0.35
273,3.0609098040660265e-12,,,,,,,,,,,,,,,,,random_bulk,1,-0.02262021104322281,,0,12,0.030220151247080308,0.5100623859314414,89311175615818.6,64,64,0,0.35
274,3.069949458098041e-12,-6550.429038457409,-15.596259615374782,-46.78877884612435,134.0,226.0,360.0,263.0,97.0,1.5476190476190477,0.5214285714285715,0.6490683229813664,0.7089285714285715,2.744886975242196,1.9007521297565948,2.0010853651421376,3.0330957328813724,rejected_surface,0,-0.0008641915875741131,0.07384000001172453,0,12,0.040868285934741753,0.40647138568845914,89418856353918.11,64,64,0,0.35
275,3.1139275881830776e-12,,,,,,,,,,,,,,,,,surface_compression,1,0.27297083045410875,,0,11,0.08833681044735753,0.3089049668002979,85572175294010.83,64,64,0,0.35
276,3.116065099195083e-12,,,,,,,,,,,,,,,,,surface_compression,1,0.021967780396685812,,0,12,0.022083798384711938,0.4642668201322713,95355832575208.16,64,64,0,0.35
277,3.1231775661826063e-12,,,,,,,,,,,,,,,,,surface,1,0.07035211632458607,,0,12,0.037086380288827395,0.23990587162795501,100072654423881.61,64,64,0,0.35
278,3.126693646577855e-12,,,,,,,,,,,,,,,,,surface_compression,1,0.14663620791594123,,0,11,0.12343489315191432,0.2917693682171165,84477363118124.25,64,64,0,0.35
279,3.127011385352701e-12,,,,,,,,,,,,,,,,,coordination,1,0.02914882180281159,,0,10,0.02416473648508938,0.34222188694404776,94560154951552.69,64,64,0,0.35
280,3.1286011125111775e-12,,,,,,,,,,,,,,,,,relaxation,1,-0.2019844701078377,,0,12,0.06665894575846733,0.5373463679918226,98317267607219.77,64,64,0,0.35
281,3.130585994718604e-12,,,,,,,,,,,,,,,,,random_bulk,1,0.19712107977681476,,0,10,0.035597087812134706,0.2911627684077398,82194406585496.0,64,64,0,0.35
282,3.147956318807657e-12,,,,,,,,,,,,,,,,,random_surface,1,0.03949265732291331,,0,12,0.02962226724686065,0.29730240280536213,87180468606361.89,64,64,0,0.35
283,3.1741555569030756e-12,,,,,,,,,,,,,,,,,relaxation,1,-0.22580549370045389,-0.2130369290345051,1,12,0.05439900416861686,0.71293028486149,99707977845594.81,64,64,0,0.35
284,3.1868840781810545e-12,,,,,,,,,,,,,,,,,surface,1,-0.07706367406801888,,0,9,0.04762125367168369,0.520031664046198,93406128785149.38,64,64,0,0.35
285,3.1871092706665463e-12,,,,,,,,,,,,,,,,,coordination,1,0.1898857944386515,,0,11,0.04010441162548073,0.19149759740646105,99401622764822.81,64,64,0,0.35
286,3.1920406409713492e-12,,,,,,,,,,,,,,,,,coordination,1,-0.10555405566246687,,0,11,0.03844830138595671,0.5452625424324101,93362421441026.72,64,64,0,0.35
287,3.1950967205015666e-12,,,,,,,,,,,,,,,,,coordination,1,0.0945833984457172,,0,12,0.05812737058244769,0.38041241833271217,86262326490027.88,64,64,0,0.35
288,3.1974518892654673e-12,,,,,,,,,,,,,,,,,coordination,1,0.13325522551312668,,0,12,0.08111577014540934,0.48333543478410684,83952698499966.62,64,64,0,0.35
289,3.2010189632452597e-12,,,,,,,,,,,,,,,,,surface_compression,1,0.08585314217900644,,0,12,0.033501675539881745,0.5517084532699148,90057941504877.4,64,64,0,0.35
290,3.2103667900829708e-12,,,,,,,,,,,,,,,,,coordination,1,-0.27008919661146596,-0.06362782351462926,1,11,0.0662641428890732,0.6148262309269392,90412448678088.34,64,64,0,0.35
291,3.217570057201637e-12,,,,,,,,,,,,,,,,,random_surface,1,0.10444816781212289,,0,11,0.06548743988622713,0.5198776694016368,100560092609877.1,64,64,0,0.35
292,3.2407775558880635e-12,,,,,,,,,,,,,,,,,coordination,1,0.07680339695780969,,0,12,0.02266226322500641,0.3637463326632214,95912679677275.12,64,64,0,0.35
293,3.2417113251989215e-12,,,,,,,,,,,,,,,,,relaxation,1,-0.4359644483375321,-0.11119165265142783,1,11,0.15854547767599622,0.4151522098963714,97873701820679.4,64,64,0,0.35
294,3.2418902390812747e-12,,,,,,,,,,,,,,,,,surface_compression,1,-0.021223463156653802,,0,12,0.05766317238568497,0.4089264414669386,95280364474526.84,64,64,0,0.35
295,3.2438219142173494e-12,,,,,,,,,,,,,,,,,surface,1,0.12134464885888105,,0,10,0.028613134861255732,0.2035297616448202,89631034521958.94,64,64,0,0.35
296,3.2439830515630634e-12,,,,,,,,,,,,,,,,,random_surface,1,0.03695431065674498,,0,12,0.02582802619183067,0.5090701938466896,86032847377440.22,64,64,0,0.35
297,3.2708657915054074e-12,,,,,,,,,,,,,,,,,coordination,1,-0.08276822627564942,,0,11,0.05698851318420022,0.5243095546417971,88836354820352.7,64,64,0,0.35
298,3.291539906214193e-12,,,,,,,,,,,,,,,,,surface_compression,1,-0.012152770399982247,,0,12,0.025744977074921453,0.5455412121995484,89486042934740.16,64,64,0,0.35
299,3.292050285900538e-12,-6550.7820983547335,-15.597100234177937,-46.79130070253381,135.0,226.0,361.0,265.0,96.0,1.5476190476190477,0.5214285714285715,0.6501547987616099,0.7092261904761905,2.803813616221297,1.9007521297565948,2.0010853651421376,3.0330957328813724,coordination,1,-0.2861776442617546,-0.11443345439215946,1,11,0.14823631269014273,0.2442223466136592,89665556967249.83,64,64,0,0.35
