step,total_energy,energy_per_atom,energy_per_puo2,event_applied,accepted_event_kind,exact_delta_E_if_checked,predicted_delta_E,uncertainty,good_event_probability,total_rate,kmc_time,pu_coordination_defects,o_coordination_defects,total_coordination_defects,bulk_coordination_defects,surface_coordination_defects,mean_abs_coordination_error,fluorite_order_score,bulk_fluorite_order_score,soft_coordination_order_score,rdf_pu_o_peak_sharpness,min_distance_pu_o,min_distance_o_o,min_distance_pu_pu,wall_time_s,steps_per_second
0,-6539.416717749045,-15.570039804164393,-46.71011941249318,0,rejected_coordination,0.07078069350327354,0.07078069350327354,0.0,0.0,,,134.0,221.0,355.0,269.0,86.0,1.5333333333333334,0.5238095238095238,0.6426426426426426,0.712202380952381,2.7999455263516273,1.9009918970705793,2.0090862665787728,3.057794273615278,29.79019789999802,10.070426554635944
1,,,,1,relaxation,-0.34892036367465096,-0.34892036367465096,0.0,1.0,,,,,,,,,,,,,,,,29.79019789999802,10.070426554635944
2,,,,0,rejected_surface,0.08003776245262628,0.08003776245262628,0.0,0.0,,,,,,,,,,,,,,,,29.79019789999802,10.070426554635944
3,,,,1,coordination,0.2846769601068928,0.2846769601068928,0.0,0.0,,,,,,,,,,,,,,,,29.79019789999802,10.070426554635944
4,,,,1,random_bulk,-0.4095286296357372,-0.4095286296357372,0.0,1.0,,,,,,,,,,,,,,,,29.79019789999802,10.070426554635944
5,,,,1,surface_compression,-0.29209421283488624,-0.29209421283488624,0.0,1.0,,,,,,,,,,,,,,,,29.79019789999802,10.070426554635944
6,,,,1,relaxation,-0.6593309391996627,-0.6593309391996627,0.0,1.0,,,,,,,,,,,,,,,,29.79019789999802,10.070426554635944
7,,,,1,coordination,0.08104653178327936,0.08104653178327936,0.0,0.0,,,,,,,,,,,,,,,,29.79019789999802,10.070426554635944
8,,,,1,random_bulk,-0.26157146608388615,-0.26157146608388615,0.0,1.0,,,,,,,,,,,,,,,,29.79019789999802,10.070426554635944
9,,,,1,surface,-0.14254132251452134,-0.14254132251452134,0.0,1.0,,,,,,,,,,,,,,,,29.79019789999802,10.070426554635944
10,,,,1,random_surface,-0.010043813540473678,-0.010043813540473678,0.0,1.0,,,,,,,,,,,,,,,,29.79019789999802,10.070426554635944
11,,,,1,surface_compression,0.1652277000176703,0.1652277000176703,0.0,0.0,,,,,,,,,,,,,,,,29.79019789999802,10.070426554635944
12,,,,1,surface_compression,0.11837415735026013,0.11837415735026013,0.0,0.0,,,,,,,,,,,,,,,,29.79019789999802,10.070426554635944
13,,,,1,coordination,0.12749099227344018,0.12749099227344018,0.0,0.0,,,,,,,,,,,,,,,,29.79019789999802,10.070426554635944
14,,,,1,coordination,0.08536628234126198,0.08536628234126198,0.0,0.0,,,,,,,,,,,,,,,,29.79019789999802,10.070426554635944
15,,,,0,rejected_random_surface,0.5534829935572034,0.5534829935572034,0.0,0.0,,,,,,,,,,,,,,,,29.79019789999802,10.070426554635944
16,,,,1,relaxation,-0.11331597202176624,-0.11331597202176624,0.0,1.0,,,,,,,,,,,,,,,,29.79019789999802,10.070426554635944
17,,,,1,random_surface,0.013394060835853594,0.013394060835853594,0.0,0.0,,,,,,,,,,,,,,,,29.79019789999802,10.070426554635944
18,,,,1,coordination,0.046578466431189014,0.046578466431189014,0.0,0.0,,,,,,,,,,,,,,,,29.79019789999802,10.070426554635944
19,,,,1,relaxation,-0.18227268107441574,-0.18227268107441574,0.0,1.0,,,,,,,,,,,,,,,,29.79019789999802,10.070426554635944
20,,,,1,surface_compression,-0.2643944841488377,-0.2643944841488377,0.0,1.0,,,,,,,,,,,,,,,,29.79019789999802,10.070426554635944
21,,,,1,random_surface,0.1154207078762397,0.1154207078762397,0.0,0.0,,,,,,,,,,,,,,,,29.79019789999802,10.070426554635944
22,,,,1,relaxation,-0.44335043443493305,-0.44335043443493305,0.0,1.0,,,,,,,,,,,,,,,,29.79019789999802,10.070426554635944
23,,,,1,surface,0.07799170324686244,0.07799170324686244,0.0,0.0,,,,,,,,,,,,,,,,29.79019789999802,10.070426554635944
24,-6541.236434944676,-15.57437246415399,-46.72311739246197,1,relaxation,0.19207956128358106,0.19207956128358106,0.0,0.0,,,133.0,223.0,356.0,272.0,84.0,1.542857142857143,0.5214285714285715,0.6358208955223881,0.7101190476190476,2.7755102040816326,1.9006797093009276,2.0090862665787728,3.057794273615278,29.79019789999802,10.070426554635944
25,,,,0,rejected_relaxation,0.14734960461859714,0.14734960461859714,0.0,0.0,,,,,,,,,,,,,,,,29.79019789999802,10.070426554635944
26,,,,0,rejected_relaxation,0.09263043163747398,0.09263043163747398,0.0,0.0,,,,,,,,,,,,,,,,29.79019789999802,10.070426554635944
27,,,,1,surface_compression,-0.10583757956779039,-0.10583757956779039,0.0,1.0,,,,,,,,,,,,,,,,29.79019789999802,10.070426554635944
28,,,,1,relaxation,-0.13139819762350413,-0.13139819762350413,0.0,1.0,,,,,,,,,,,,,,,,29.79019789999802,10.070426554635944
29,,,,1,coordination,0.056819792725193,0.056819792725193,0.0,0.0,,,,,,,,,,,,,,,,29.79019789999802,10.070426554635944
30,,,,1,surface_compression,0.0023698243563750054,0.0023698243563750054,0.0,0.0,,,,,,,,,,,,,,,,29.79019789999802,10.070426554635944
31,,,,1,surface_compression,-0.04669562911785263,-0.04669562911785263,0.0,1.0,,,,,,,,,,,,,,,,29.79019789999802,10.070426554635944
32,,,,1,relaxation,-0.07942212020111938,-0.07942212020111938,0.0,1.0,,,,,,,,,,,,,,,,29.79019789999802,10.070426554635944
33,,,,1,relaxation,-0.2315474906728454,-0.2315474906728454,0.0,1.0,,,,,,,,,,,,,,,,29.79019789999802,10.070426554635944
34,,,,1,coordination,-0.17082717924351698,-0.17082717924351698,0.0,1.0,,,,,,,,,,,,,,,,29.79019789999802,10.070426554635944
35,,,,1,coordination,-0.00032192591668334103,-0.00032192591668334103,0.0,1.0,,,,,,,,,,,,,,,,29.79019789999802,10.070426554635944
36,,,,1,relaxation,-0.20012017541350247,-0.20012017541350247,0.0,1.0,,,,,,,,,,,,,,,,29.79019789999802,10.070426554635944
37,,,,1,random_bulk,0.12275238457429793,0.12275238457429793,0.0,0.0,,,,,,,,,,,,,,,,29.79019789999802,10.070426554635944
38,,,,1,random_surface,0.2624890218719962,0.2624890218719962,0.0,0.0,,,,,,,,,,,,,,,,29.79019789999802,10.070426554635944
39,,,,1,coordination,0.36989294366092906,0.36989294366092906,0.0,0.0,,,,,,,,,,,,,,,,29.79019789999802,10.070426554635944
40,,,,1,coordination,0.034314284271513174,0.034314284271513174,0.0,0.0,,,,,,,,,,,,,,,,29.79019789999802,10.070426554635944
41,,,,1,coordination,0.01574679930500622,0.01574679930500622,0.0,0.0,,,,,,,,,,,,,,,,29.79019789999802,10.070426554635944
42,,,,1,surface,-0.15009332661177055,-0.15009332661177055,0.0,1.0,,,,,,,,,,,,,,,,29.79019789999802,10.070426554635944
43,,,,1,random_surface,-0.4427980552724726,-0.4427980552724726,0.0,1.0,,,,,,,,,,,,,,,,29.79019789999802,10.070426554635944
44,,,,1,random_surface,-0.04883045501846439,-0.04883045501846439,0.0,1.0,,,,,,,,,,,,,,,,29.79019789999802,10.070426554635944
45,,,,1,relaxation,-0.3088390583823255,-0.3088390583823255,0.0,1.0,,,,,,,,,,,,,,,,29.79019789999802,10.070426554635944
46,,,,1,random_bulk,-0.2753451189108205,-0.2753451189108205,0.0,1.0,,,,,,,,,,,,,,,,29.79019789999802,10.070426554635944
47,,,,0,rejected_coordination,0.2275140478947293,0.2275140478947293,0.0,0.0,,,,,,,,,,,,,,,,29.79019789999802,10.070426554635944
48,,,,1,surface,-0.03549004128707267,-0.03549004128707267,0.0,1.0,,,,,,,,,,,,,,,,29.79019789999802,10.070426554635944
49,-6542.5583256360715,-15.577519822943028,-46.73255946882908,1,surface,0.04129061110862864,0.04129061110862864,0.0,0.0,,,134.0,224.0,358.0,275.0,83.0,1.542857142857143,0.5261904761904762,0.6398809523809523,0.7101190476190476,2.772115776600082,1.9006797093009276,2.0090862665787728,3.057794273615278,29.79019789999802,10.070426554635944
50,,,,1,surface_compression,-0.10419925474358749,-0.10419925474358749,0.0,1.0,,,,,,,,,,,,,,,,29.79019789999802,10.070426554635944
51,,,,1,coordination,-0.004710605472965312,-0.004710605472965312,0.0,1.0,,,,,,,,,,,,,,,,29.79019789999802,10.070426554635944
52,,,,0,rejected_surface,0.18820282659578425,0.18820282659578425,0.0,0.0,,,,,,,,,,,,,,,,29.79019789999802,10.070426554635944
53,,,,1,relaxation,-0.1843332054810567,-0.1843332054810567,0.0,1.0,,,,,,,,,,,,,,,,29.79019789999802,10.070426554635944
54,,,,1,random_surface,-0.055259069152501894,-0.055259069152501894,0.0,1.0,,,,,,,,,,,,,,,,29.79019789999802,10.070426554635944
55,,,,1,surface_compression,-0.06272202038200803,-0.06272202038200803,0.0,1.0,,,,,,,,,,,,,,,,29.79019789999802,10.070426554635944
56,,,,1,random_surface,-0.5313933133262019,-0.5313933133262019,0.0,1.0,,,,,,,,,,,,,,,,29.79019789999802,10.070426554635944
57,,,,1,coordination,-0.4295067653701139,-0.4295067653701139,0.0,1.0,,,,,,,,,,,,,,,,29.79019789999802,10.070426554635944
58,,,,1,surface_compression,-0.2719695982093313,-0.2719695982093313,0.0,1.0,,,,,,,,,,,,,,,,29.79019789999802,10.070426554635944
59,,,,1,random_bulk,0.2363691920310913,0.2363691920310913,0.0,0.0,,,,,,,,,,,,,,,,29.79019789999802,10.070426554635944
60,,,,1,surface,0.068131506667239,0.068131506667239,0.0,0.0,,,,,,,,,,,,,,,,29.79019789999802,10.070426554635944
61,,,,1,surface_compression,-0.27811219258670583,-0.27811219258670583,0.0,1.0,,,,,,,,,,,,,,,,29.79019789999802,10.070426554635944
62,,,,1,surface_compression,-0.2383161261731921,-0.2383161261731921,0.0,1.0,,,,,,,,,,,,,,,,29.79019789999802,10.070426554635944
63,,,,0,rejected_random_bulk,0.3248285059361393,0.3248285059361393,0.0,0.0,,,,,,,,,,,,,,,,29.79019789999802,10.070426554635944
64,,,,1,relaxation,-0.1517297246578302,-0.1517297246578302,0.0,1.0,,,,,,,,,,,,,,,,29.79019789999802,10.070426554635944
65,,,,1,relaxation,-0.2602240360428425,-0.2602240360428425,0.0,1.0,,,,,,,,,,,,,,,,29.79019789999802,10.070426554635944
66,,,,1,surface,0.1342868945505309,0.1342868945505309,0.0,0.0,,,,,,,,,,,,,,,,29.79019789999802,10.070426554635944
67,,,,1,surface,-0.34683339864396245,-0.34683339864396245,0.0,1.0,,,,,,,,,,,,,,,,29.79019789999802,10.070426554635944
68,,,,0,rejected_surface_compression,0.16472036844427151,0.16472036844427151,0.0,0.0,,,,,,,,,,,,,,,,29.79019789999802,10.070426554635944
69,,,,1,relaxation,-0.08756631440590112,-0.08756631440590112,0.0,1.0,,,,,,,,,,,,,,,,29.79019789999802,10.070426554635944
70,,,,1,surface,0.1032823436551098,0.1032823436551098,0.0,0.0,,,,,,,,,,,,,,,,29.79019789999802,10.070426554635944
71,,,,1,random_bulk,0.009938705690849758,0.009938705690849758,0.0,0.0,,,,,,,,,,,,,,,,29.79019789999802,10.070426554635944
72,,,,1,coordination,0.2069747649414495,0.2069747649414495,0.0,0.0,,,,,,,,,,,,,,,,29.79019789999802,10.070426554635944
73,,,,1,relaxation,-0.306868987414358,-0.306868987414358,0.0,1.0,,,,,,,,,,,,,,,,29.79019789999802,10.070426554635944
74,-6545.409235543482,-15.584307703674957,-46.75292311102487,1,coordination,-0.2961487028928431,-0.2961487028928431,0.0,1.0,,,135.0,224.0,359.0,276.0,83.0,1.542857142857143,0.5285714285714286,0.6428571428571429,0.7101190476190476,2.834260893172255,1.9006797093009276,2.0090862665787728,3.057794273615278,29.79019789999802,10.070426554635944
75,,,,0,rejected_surface_compression,1.1487703432276675,1.1487703432276675,0.0,0.0,,,,,,,,,,,,,,,,29.79019789999802,10.070426554635944
76,,,,1,surface_compression,-0.016343685639355954,-0.016343685639355954,0.0,1.0,,,,,,,,,,,,,,,,29.79019789999802,10.070426554635944
77,,,,1,coordination,-0.0010498631155115845,-0.0010498631155115845,0.0,1.0,,,,,,,,,,,,,,,,29.79019789999802,10.070426554635944
78,,,,0,rejected_coordination,0.21442303662667683,0.21442303662667683,0.0,0.0,,,,,,,,,,,,,,,,29.79019789999802,10.070426554635944
79,,,,1,coordination,0.06763084283232246,0.06763084283232246,0.0,0.0,,,,,,,,,,,,,,,,29.79019789999802,10.070426554635944
80,,,,1,surface_compression,0.05861500346065185,0.05861500346065185,0.0,0.0,,,,,,,,,,,,,,,,29.79019789999802,10.070426554635944
81,,,,1,surface_compression,0.028454322367846174,0.028454322367846174,0.0,0.0,,,,,,,,,,,,,,,,29.79019789999802,10.070426554635944
82,,,,0,rejected_surface_compression,0.07881972241723467,0.07881972241723467,0.0,0.0,,,,,,,,,,,,,,,,29.79019789999802,10.070426554635944
83,,,,1,random_bulk,0.20826633771837777,0.20826633771837777,0.0,0.0,,,,,,,,,,,,,,,,29.79019789999802,10.070426554635944
84,,,,1,surface_compression,-0.14191933283873936,-0.14191933283873936,0.0,1.0,,,,,,,,,,,,,,,,29.79019789999802,10.070426554635944
85,,,,1,random_bulk,0.08019099238040894,0.08019099238040894,0.0,0.0,,,,,,,,,,,,,,,,29.79019789999802,10.070426554635944
86,,,,1,coordination,-0.0035952714797140573,-0.0035952714797140573,0.0,1.0,,,,,,,,,,,,,,,,29.79019789999802,10.070426554635944
87,,,,1,surface,-0.09645280720351934,-0.09645280720351934,0.0,1.0,,,,,,,,,,,,,,,,29.79019789999802,10.070426554635944
88,,,,1,surface_compression,-0.18455155895266984,-0.18455155895266984,0.0,1.0,,,,,,,,,,,,,,,,29.79019789999802,10.070426554635944
89,,,,1,relaxation,-0.32154807868312574,-0.32154807868312574,0.0,1.0,,,,,,,,,,,,,,,,29.79019789999802,10.070426554635944
90,,,,1,relaxation,-0.4127237063567293,-0.4127237063567293,0.0,1.0,,,,,,,,,,,,,,,,29.79019789999802,10.070426554635944
91,,,,0,rejected_random_bulk,0.5066479035402232,0.5066479035402232,0.0,0.0,,,,,,,,,,,,,,,,29.79019789999802,10.070426554635944
92,,,,1,relaxation,-0.06397391897471039,-0.06397391897471039,0.0,1.0,,,,,,,,,,,,,,,,29.79019789999802,10.070426554635944
93,,,,0,rejected_coordination,0.20444392206463746,0.20444392206463746,0.0,0.0,,,,,,,,,,,,,,,,29.79019789999802,10.070426554635944
94,,,,1,coordination,-0.014014901271522717,-0.014014901271522717,0.0,1.0,,,,,,,,,,,,,,,,29.79019789999802,10.070426554635944
95,,,,1,surface,0.10131971501052917,0.10131971501052917,0.0,0.0,,,,,,,,,,,,,,,,29.79019789999802,10.070426554635944
96,,,,1,coordination,-0.2516994628484248,-0.2516994628484248,0.0,1.0,,,,,,,,,,,,,,,,29.79019789999802,10.070426554635944
97,,,,1,surface_compression,0.07175865885772126,0.07175865885772126,0.0,0.0,,,,,,,,,,,,,,,,29.79019789999802,10.070426554635944
98,,,,1,surface,-0.4655080880600835,-0.4655080880600835,0.0,1.0,,,,,,,,,,,,,,,,29.79019789999802,10.070426554635944
99,-6546.899969035396,-15.587857069131895,-46.763571207395685,1,coordination,-0.1335886891011384,-0.1335886891011384,0.0,1.0,,,135.0,225.0,360.0,277.0,83.0,1.542857142857143,0.530952380952381,0.6458333333333334,0.7101190476190476,2.818810136874915,1.9009918970705793,2.0090862665787728,3.057794273615278,29.79019789999802,10.070426554635944
100,,,,1,relaxation,0.5678936854731731,0.5678936854731731,0.0,0.0,,,,,,,,,,,,,,,,29.79019789999802,10.070426554635944
101,,,,1,surface,0.3874108729240042,0.3874108729240042,0.0,0.0,,,,,,,,,,,,,,,,29.79019789999802,10.070426554635944
102,,,,1,coordination,0.03802197421527964,0.03802197421527964,0.0,0.0,,,,,,,,,,,,,,,,29.79019789999802,10.070426554635944
103,,,,1,relaxation,-0.601614411956124,-0.601614411956124,0.0,1.0,,,,,,,,,,,,,,,,29.79019789999802,10.070426554635944
104,,,,1,surface_compression,-0.03118383503929678,-0.03118383503929678,0.0,1.0,,,,,,,,,,,,,,,,29.79019789999802,10.070426554635944
105,,,,1,coordination,0.08909737035627074,0.08909737035627074,0.0,0.0,,,,,,,,,,,,,,,,29.79019789999802,10.070426554635944
106,,,,1,relaxation,-0.23740428668237712,-0.23740428668237712,0.0,1.0,,,,,,,,,,,,,,,,29.79019789999802,10.070426554635944
107,,,,0,rejected_surface_compression,0.4660840466454417,0.4660840466454417,0.0,0.0,,,,,,,,,,,,,,,,29.79019789999802,10.070426554635944
108,,,,1,coordination,0.04521676676634456,0.04521676676634456,0.0,0.0,,,,,,,,,,,,,,,,29.79019789999802,10.070426554635944
109,,,,1,random_bulk,0.022876957018624466,0.022876957018624466,0.0,0.0,,,,,,,,,,,,,,,,29.79019789999802,10.070426554635944
110,,,,1,surface,-0.01385735261218457,-0.01385735261218457,0.0,1.0,,,,,,,,,,,,,,,,29.79019789999802,10.070426554635944
111,,,,0,rejected_coordination,0.23698618057661136,0.23698618057661136,0.0,0.0,,,,,,,,,,,,,,,,29.79019789999802,10.070426554635944
112,,,,1,relaxation,-0.1493028903351039,-0.1493028903351039,0.0,1.0,,,,,,,,,,,,,,,,29.79019789999802,10.070426554635944
113,,,,1,random_surface,-0.05128257445491613,-0.05128257445491613,0.0,1.0,,,,,,,,,,,,,,,,29.79019789999802,10.070426554635944
114,,,,1,relaxation,-0.6804139635043569,-0.6804139635043569,0.0,1.0,,,,,,,,,,,,,,,,29.79019789999802,10.070426554635944
115,,,,0,rejected_coordination,0.03643946578572965,0.03643946578572965,0.0,0.0,,,,,,,,,,,,,,,,29.79019789999802,10.070426554635944
116,,,,1,surface_compression,-0.058935293076935125,-0.058935293076935125,0.0,1.0,,,,,,,,,,,,,,,,29.79019789999802,10.070426554635944
117,,,,1,coordination,0.04992134995409003,0.04992134995409003,0.0,0.0,,,,,,,,,,,,,,,,29.79019789999802,10.070426554635944
118,,,,0,rejected_coordination,0.44176531802253294,0.44176531802253294,0.0,0.0,,,,,,,,,,,,,,,,29.79019789999802,10.070426554635944
119,,,,1,coordination,-0.12765494292641577,-0.12765494292641577,0.0,1.0,,,,,,,,,,,,,,,,29.79019789999802,10.070426554635944
120,,,,1,random_bulk,-1.081012713832834,-1.081012713832834,0.0,1.0,,,,,,,,,,,,,,,,29.79019789999802,10.070426554635944
121,,,,1,surface_compression,0.050515703329129025,0.050515703329129025,0.0,0.0,,,,,,,,,,,,,,,,29.79019789999802,10.070426554635944
122,,,,1,relaxation,-0.3038673038428783,-0.3038673038428783,0.0,1.0,,,,,,,,,,,,,,,,29.79019789999802,10.070426554635944
123,,,,1,surface,0.2376433851277575,0.2376433851277575,0.0,0.0,,,,,,,,,,,,,,,,29.79019789999802,10.070426554635944
124,-6548.747900538478,-15.592256906043994,-46.776770718131985,0,rejected_surface,0.16021791425986365,0.16021791425986365,0.0,0.0,,,135.0,224.0,359.0,277.0,82.0,1.5333333333333334,0.5333333333333333,0.6468842729970327,0.7119047619047619,2.774691776182089,1.9009918970705793,2.0090862665787728,3.057794273615278,29.79019789999802,10.070426554635944
125,,,,1,surface,-0.2739327435525283,-0.2739327435525283,0.0,1.0,,,,,,,,,,,,,,,,29.79019789999802,10.070426554635944
126,,,,1,random_bulk,0.09737832644049149,0.09737832644049149,0.0,0.0,,,,,,,,,,,,,,,,29.79019789999802,10.070426554635944
127,,,,1,surface_compression,-0.09371146896526383,-0.09371146896526383,0.0,1.0,,,,,,,,,,,,,,,,29.79019789999802,10.070426554635944
128,,,,1,coordination,-0.10589300095581677,-0.10589300095581677,0.0,1.0,,,,,,,,,,,,,,,,29.79019789999802,10.070426554635944
129,,,,1,surface,0.5842450776929056,0.5842450776929056,0.0,0.0,,,,,,,,,,,,,,,,29.79019789999802,10.070426554635944
130,,,,0,rejected_surface,0.22127674830131383,0.22127674830131383,0.0,0.0,,,,,,,,,,,,,,,,29.79019789999802,10.070426554635944
131,,,,0,rejected_coordination,0.5519090567848721,0.5519090567848721,0.0,0.0,,,,,,,,,,,,,,,,29.79019789999802,10.070426554635944
132,,,,0,rejected_surface,0.881687128402632,0.881687128402632,0.0,0.0,,,,,,,,,,,,,,,,29.79019789999802,10.070426554635944
133,,,,1,coordination,-0.002127113204394959,-0.002127113204394959,0.0,1.0,,,,,,,,,,,,,,,,29.79019789999802,10.070426554635944
134,,,,1,random_bulk,-0.1178828462932131,-0.1178828462932131,0.0,1.0,,,,,,,,,,,,,,,,29.79019789999802,10.070426554635944
135,,,,0,rejected_surface_compression,0.18913026661706667,0.18913026661706667,0.0,0.0,,,,,,,,,,,,,,,,29.79019789999802,10.070426554635944
136,,,,0,rejected_coordination,0.26598828936982954,0.26598828936982954,0.0,0.0,,,,,,,,,,,,,,,,29.79019789999802,10.070426554635944
137,,,,1,surface_compression,-0.11770875535678371,-0.11770875535678371,0.0,1.0,,,,,,,,,,,,,,,,29.79019789999802,10.070426554635944
138,,,,0,rejected_coordination,0.42356806346450426,0.42356806346450426,0.0,0.0,,,,,,,,,,,,,,,,29.79019789999802,10.070426554635944
139,,,,1,surface,0.07207257919927201,0.07207257919927201,0.0,0.0,,,,,,,,,,,,,,,,29.79019789999802,10.070426554635944
140,,,,0,rejected_surface,0.4934495333041191,0.4934495333041191,0.0,0.0,,,,,,,,,,,,,,,,29.79019789999802,10.070426554635944
141,,,,1,surface_compression,-0.034482940277456464,-0.034482940277456464,0.0,1.0,,,,,,,,,,,,,,,,29.79019789999802,10.070426554635944
142,,,,1,surface_compression,0.0009666918672728286,0.0009666918672728286,0.0,0.0,,,,,,,,,,,,,,,,29.79019789999802,10.070426554635944
143,,,,1,relaxation,-0.05669618401076448,-0.05669618401076448,0.0,1.0,,,,,,,,,,,,,,,,29.79019789999802,10.070426554635944
144,,,,1,surface,-0.23143824457362783,-0.23143824457362783,0.0,1.0,,,,,,,,,,,,,,,,29.79019789999802,10.070426554635944
145,,,,1,surface_compression,-0.005519703600391779,-0.005519703600391779,0.0,1.0,,,,,,,,,,,,,,,,29.79019789999802,10.070426554635944
146,,,,1,random_surface,-0.22237208012793275,-0.22237208012793275,0.0,1.0,,,,,,,,,,,,,,,,29.79019789999802,10.070426554635944
147,,,,0,rejected_random_bulk,0.37940194296608354,0.37940194296608354,0.0,0.0,,,,,,,,,,,,,,,,29.79019789999802,10.070426554635944
148,,,,1,coordination,0.03320417026663769,0.03320417026663769,0.0,0.0,,,,,,,,,,,,,,,,29.79019789999802,10.070426554635944
149,-6549.905849951402,-15.59501392845572,-46.785041785367156,1,coordination,-0.6840511774523215,-0.6840511774523215,0.0,1.0,,,135.0,225.0,360.0,279.0,81.0,1.5380952380952382,0.530952380952381,0.6420118343195266,0.7110119047619048,2.7067262146433895,1.9009918970705793,2.0090862665787728,3.057794273615278,29.79019789999802,10.070426554635944
150,,,,1,surface_compression,-0.20718641701592588,-0.20718641701592588,0.0,1.0,,,,,,,,,,,,,,,,29.79019789999802,10.070426554635944
151,,,,1,coordination,0.064955020609613,0.064955020609613,0.0,0.0,,,,,,,,,,,,,,,,29.79019789999802,10.070426554635944
152,,,,1,coordination,0.02022884656281221,0.02022884656281221,0.0,0.0,,,,,,,,,,,,,,,,29.79019789999802,10.070426554635944
153,,,,1,surface_compression,-0.08740428156469093,-0.08740428156469093,0.0,1.0,,,,,,,,,,,,,,,,29.79019789999802,10.070426554635944
154,,,,1,coordination,-0.16713450075529224,-0.16713450075529224,0.0,1.0,,,,,,,,,,,,,,,,29.79019789999802,10.070426554635944
155,,,,1,random_bulk,-0.38905036179120245,-0.38905036179120245,0.0,1.0,,,,,,,,,,,,,,,,29.79019789999802,10.070426554635944
156,,,,1,surface_compression,-0.11426411268107728,-0.11426411268107728,0.0,1.0,,,,,,,,,,,,,,,,29.79019789999802,10.070426554635944
157,,,,1,coordination,-0.002397528460694076,-0.002397528460694076,0.0,1.0,,,,,,,,,,,,,,,,29.79019789999802,10.070426554635944
158,,,,1,coordination,-0.05782724971293973,-0.05782724971293973,0.0,1.0,,,,,,,,,,,,,,,,29.79019789999802,10.070426554635944
159,,,,1,coordination,0.16937952695566239,0.16937952695566239,0.0,0.0,,,,,,,,,,,,,,,,29.79019789999802,10.070426554635944
160,,,,0,rejected_coordination,0.510570941440168,0.510570941440168,0.0,0.0,,,,,,,,,,,,,,,,29.79019789999802,10.070426554635944
161,,,,0,rejected_coordination,0.4103790632679072,0.4103790632679072,0.0,0.0,,,,,,,,,,,,,,,,29.79019789999802,10.070426554635944
162,,,,1,relaxation,-0.021380092590582933,-0.021380092590582933,0.0,1.0,,,,,,,,,,,,,,,,29.79019789999802,10.070426554635944
163,,,,1,random_surface,-0.01960443099708087,-0.01960443099708087,0.0,1.0,,,,,,,,,,,,,,,,29.79019789999802,10.070426554635944
164,,,,1,random_surface,-0.07339672680149611,-0.07339672680149611,0.0,1.0,,,,,,,,,,,,,,,,29.79019789999802,10.070426554635944
165,,,,1,relaxation,0.07338922816894922,0.07338922816894922,0.0,0.0,,,,,,,,,,,,,,,,29.79019789999802,10.070426554635944
166,,,,1,relaxation,-0.11306499909195011,-0.11306499909195011,0.0,1.0,,,,,,,,,,,,,,,,29.79019789999802,10.070426554635944
167,,,,1,surface,0.3096772103376999,0.3096772103376999,0.0,0.0,,,,,,,,,,,,,,,,29.79019789999802,10.070426554635944
168,,,,1,surface,-0.24707199529350277,-0.24707199529350277,0.0,1.0,,,,,,,,,,,,,,,,29.79019789999802,10.070426554635944
169,,,,1,surface,-0.04755963751368597,-0.04755963751368597,0.0,1.0,,,,,,,,,,,,,,,,29.79019789999802,10.070426554635944
170,,,,1,relaxation,-0.22699536634161888,-0.22699536634161888,0.0,1.0,,,,,,,,,,,,,,,,29.79019789999802,10.070426554635944
171,,,,1,coordination,-0.0075817323663969205,-0.0075817323663969205,0.0,1.0,,,,,,,,,,,,,,,,29.79019789999802,10.070426554635944
172,,,,1,random_surface,-0.35295578306715925,-0.35295578306715925,0.0,1.0,,,,,,,,,,,,,,,,29.79019789999802,10.070426554635944
173,,,,1,random_surface,0.0252845430562445,0.0252845430562445,0.0,0.0,,,,,,,,,,,,,,,,29.79019789999802,10.070426554635944
174,-6551.401153236355,-15.598574174372272,-46.79572252311682,1,coordination,-0.023342444581977873,-0.023342444581977873,0.0,1.0,,,135.0,225.0,360.0,280.0,80.0,1.5380952380952382,0.530952380952381,0.640117994100295,0.7110119047619048,2.7582477014602484,1.9009918970705793,2.0090862665787728,3.057794273615278,29.79019789999802,10.070426554635944
175,,,,0,rejected_coordination,0.4936907260340533,0.4936907260340533,0.0,0.0,,,,,,,,,,,,,,,,29.79019789999802,10.070426554635944
176,,,,0,rejected_random_surface,0.38094728604954753,0.38094728604954753,0.0,0.0,,,,,,,,,,,,,,,,29.79019789999802,10.070426554635944
177,,,,1,coordination,0.07979041876983572,0.07979041876983572,0.0,0.0,,,,,,,,,,,,,,,,29.79019789999802,10.070426554635944
178,,,,1,random_bulk,0.051083764970755396,0.051083764970755396,0.0,0.0,,,,,,,,,,,,,,,,29.79019789999802,10.070426554635944
179,,,,1,coordination,0.005060385568562253,0.005060385568562253,0.0,0.0,,,,,,,,,,,,,,,,29.79019789999802,10.070426554635944
180,,,,1,coordination,-0.9430596539924885,-0.9430596539924885,0.0,1.0,,,,,,,,,,,,,,,,29.79019789999802,10.070426554635944
181,,,,0,rejected_surface,0.35829800214972707,0.35829800214972707,0.0,0.0,,,,,,,,,,,,,,,,29.79019789999802,10.070426554635944
182,,,,1,surface,0.03144582543721697,0.03144582543721697,0.0,0.0,,,,,,,,,,,,,,,,29.79019789999802,10.070426554635944
183,,,,1,relaxation,0.051594544474340864,0.051594544474340864,0.0,0.0,,,,,,,,,,,,,,,,29.79019789999802,10.070426554635944
184,,,,1,coordination,-0.00410860383838596,-0.00410860383838596,0.0,1.0,,,,,,,,,,,,,,,,29.79019789999802,10.070426554635944
185,,,,1,relaxation,-0.0683392036019086,-0.0683392036019086,0.0,1.0,,,,,,,,,,,,,,,,29.79019789999802,10.070426554635944
186,,,,1,coordination,0.16782874519766366,0.16782874519766366,0.0,0.0,,,,,,,,,,,,,,,,29.79019789999802,10.070426554635944
187,,,,1,relaxation,-0.0227027140605518,-0.0227027140605518,0.0,1.0,,,,,,,,,,,,,,,,29.79019789999802,10.070426554635944
188,,,,1,coordination,0.03859006388912434,0.03859006388912434,0.0,0.0,,,,,,,,,,,,,,,,29.79019789999802,10.070426554635944
189,,,,1,surface_compression,0.2032079900082877,0.2032079900082877,0.0,0.0,,,,,,,,,,,,,,,,29.79019789999802,10.070426554635944
190,,,,0,rejected_surface,0.23233053671329174,0.23233053671329174,0.0,0.0,,,,,,,,,,,,,,,,29.79019789999802,10.070426554635944
191,,,,0,rejected_surface,0.24358687061985762,0.24358687061985762,0.0,0.0,,,,,,,,,,,,,,,,29.79019789999802,10.070426554635944
192,,,,0,rejected_coordination,0.8521764792401001,0.8521764792401001,0.0,0.0,,,,,,,,,,,,,,,,29.79019789999802,10.070426554635944
193,,,,1,random_surface,0.08725639454918621,0.08725639454918621,0.0,0.0,,,,,,,,,,,,,,,,29.79019789999802,10.070426554635944
194,,,,1,coordination,-0.028827678859997263,-0.028827678859997263,0.0,1.0,,,,,,,,,,,,,,,,29.79019789999802,10.070426554635944
195,,,,0,rejected_surface_compression,0.08090009283880661,0.08090009283880661,0.0,0.0,,,,,,,,,,,,,,,,29.79019789999802,10.070426554635944
196,,,,1,surface_compression,-0.07413566863618648,-0.07413566863618648,0.0,1.0,,,,,,,,,,,,,,,,29.79019789999802,10.070426554635944
197,,,,1,surface,-0.3662041056632077,-0.3662041056632077,0.0,1.0,,,,,,,,,,,,,,,,29.79019789999802,10.070426554635944
198,,,,0,rejected_surface_compression,0.4051843601010745,0.4051843601010745,0.0,0.0,,,,,,,,,,,,,,,,29.79019789999802,10.070426554635944
199,-6552.192672732144,-15.600458744600344,-46.80137623380103,0,rejected_surface_compression,0.29330016835168493,0.29330016835168493,0.0,0.0,,,135.0,225.0,360.0,281.0,79.0,1.5380952380952382,0.530952380952381,0.638235294117647,0.7110119047619048,2.702337521956492,1.9009918970705793,2.0090862665787728,3.057794273615278,29.79019789999802,10.070426554635944
200,,,,0,rejected_coordination,0.7249789258124295,0.7249789258124295,0.0,0.0,,,,,,,,,,,,,,,,29.79019789999802,10.070426554635944
201,,,,1,surface_compression,0.09661317507551459,0.09661317507551459,0.0,0.0,,,,,,,,,,,,,,,,29.79019789999802,10.070426554635944
202,,,,1,coordination,0.25820709769106287,0.25820709769106287,0.0,0.0,,,,,,,,,,,,,,,,29.79019789999802,10.070426554635944
203,,,,0,rejected_surface_compression,0.15533548369960215,0.15533548369960215,0.0,0.0,,,,,,,,,,,,,,,,29.79019789999802,10.070426554635944
204,,,,1,surface_compression,0.021220579806119133,0.021220579806119133,0.0,0.0,,,,,,,,,,,,,,,,29.79019789999802,10.070426554635944
205,,,,1,relaxation,-0.20520095837458996,-0.20520095837458996,0.0,1.0,,,,,,,,,,,,,,,,29.79019789999802,10.070426554635944
206,,,,1,relaxation,-0.037053044889646,-0.037053044889646,0.0,1.0,,,,,,,,,,,,,,,,29.79019789999802,10.070426554635944
207,,,,1,random_bulk,0.014457861812676498,0.014457861812676498,0.0,0.0,,,,,,,,,,,,,,,,29.79019789999802,10.070426554635944
208,,,,1,coordination,-0.23769170960692776,-0.23769170960692776,0.0,1.0,,,,,,,,,,,,,,,,29.79019789999802,10.070426554635944
209,,,,0,rejected_random_bulk,0.15514918719861726,0.15514918719861726,0.0,0.0,,,,,,,,,,,,,,,,29.79019789999802,10.070426554635944
210,,,,1,random_surface,-0.004352074439498921,-0.004352074439498921,0.0,1.0,,,,,,,,,,,,,,,,29.79019789999802,10.070426554635944
211,,,,1,coordination,0.24362367305086963,0.24362367305086963,0.0,0.0,,,,,,,,,,,,,,,,29.79019789999802,10.070426554635944
212,,,,1,relaxation,0.1347780533140437,0.1347780533140437,0.0,0.0,,,,,,,,,,,,,,,,29.79019789999802,10.070426554635944
213,,,,1,surface_compression,-0.02735509336251951,-0.02735509336251951,0.0,1.0,,,,,,,,,,,,,,,,29.79019789999802,10.070426554635944
214,,,,0,rejected_surface_compression,0.0701848777679146,0.0701848777679146,0.0,0.0,,,,,,,,,,,,,,,,29.79019789999802,10.070426554635944
215,,,,1,surface,-0.5897278630495748,-0.5897278630495748,0.0,1.0,,,,,,,,,,,,,,,,29.79019789999802,10.070426554635944
216,,,,1,relaxation,-0.3163792674466652,-0.3163792674466652,0.0,1.0,,,,,,,,,,,,,,,,29.79019789999802,10.070426554635944
217,,,,0,rejected_random_bulk,0.20536459593012069,0.20536459593012069,0.0,0.0,,,,,,,,,,,,,,,,29.79019789999802,10.070426554635944
218,,,,1,surface_compression,0.10135242222962404,0.10135242222962404,0.0,0.0,,,,,,,,,,,,,,,,29.79019789999802,10.070426554635944
219,,,,1,random_surface,0.015527486218953612,0.015527486218953612,0.0,0.0,,,,,,,,,,,,,,,,29.79019789999802,10.070426554635944
220,,,,1,relaxation,-0.32880267466821067,-0.32880267466821067,0.0,1.0,,,,,,,,,,,,,,,,29.79019789999802,10.070426554635944
221,,,,0,rejected_coordination,0.19308193769234805,0.19308193769234805,0.0,0.0,,,,,,,,,,,,,,,,29.79019789999802,10.070426554635944
222,,,,1,surface_compression,-0.018604446406099484,-0.018604446406099484,0.0,1.0,,,,,,,,,,,,,,,,29.79019789999802,10.070426554635944
223,,,,1,relaxation,-0.17884662348809677,-0.17884662348809677,0.0,1.0,,,,,,,,,,,,,,,,29.79019789999802,10.070426554635944
224,-6553.2430975638945,-15.60295975610451,-46.80887926831353,1,coordination,0.007808574729084583,0.007808574729084583,0.0,0.0,,,134.0,226.0,360.0,281.0,79.0,1.5333333333333334,0.5333333333333333,0.6411764705882353,0.7116071428571429,2.724324324324324,1.9009918970705793,2.0090862665787728,3.057794273615278,29.79019789999802,10.070426554635944
225,,,,1,random_surface,-0.005536638158549323,-0.005536638158549323,0.0,1.0,,,,,,,,,,,,,,,,29.79019789999802,10.070426554635944
226,,,,1,random_surface,0.2706408451468114,0.2706408451468114,0.0,0.0,,,,,,,,,,,,,,,,29.79019789999802,10.070426554635944
227,,,,1,coordination,-0.03473648945986696,-0.03473648945986696,0.0,1.0,,,,,,,,,,,,,,,,29.79019789999802,10.070426554635944
228,,,,1,relaxation,-0.2101453088093841,-0.2101453088093841,0.0,1.0,,,,,,,,,,,,,,,,29.79019789999802,10.070426554635944
229,,,,0,rejected_coordination,0.9087349063091352,0.9087349063091352,0.0,0.0,,,,,,,,,,,,,,,,29.79019789999802,10.070426554635944
230,,,,0,rejected_surface_compression,0.2913390190462941,0.2913390190462941,0.0,0.0,,,,,,,,,,,,,,,,29.79019789999802,10.070426554635944
231,,,,1,relaxation,-0.15888664845584444,-0.15888664845584444,0.0,1.0,,,,,,,,,,,,,,,,29.79019789999802,10.070426554635944
232,,,,1,relaxation,0.011742848389339144,0.011742848389339144,0.0,0.0,,,,,,,,,,,,,,,,29.79019789999802,10.070426554635944
233,,,,1,surface_compression,-0.24975542502453862,-0.24975542502453862,0.0,1.0,,,,,,,,,,,,,,,,29.79019789999802,10.070426554635944
234,,,,0,rejected_coordination,0.28001493688829626,0.28001493688829626,0.0,0.0,,,,,,,,,,,,,,,,29.79019789999802,10.070426554635944
235,,,,0,rejected_coordination,0.07704674578122805,0.07704674578122805,0.0,0.0,,,,,,,,,,,,,,,,29.79019789999802,10.070426554635944
236,,,,0,rejected_coordination,0.438738131459683,0.438738131459683,0.0,0.0,,,,,,,,,,,,,,,,29.79019789999802,10.070426554635944
237,,,,1,surface,-0.014937906914980204,-0.014937906914980204,0.0,1.0,,,,,,,,,,,,,,,,29.79019789999802,10.070426554635944
238,,,,1,surface,-0.033129722516470395,-0.033129722516470395,0.0,1.0,,,,,,,,,,,,,,,,29.79019789999802,10.070426554635944
239,,,,1,surface_compression,-0.16198430799419938,-0.16198430799419938,0.0,1.0,,,,,,,,,,,,,,,,29.79019789999802,10.070426554635944
240,,,,1,surface_compression,-0.0639302397537378,-0.0639302397537378,0.0,1.0,,,,,,,,,,,,,,,,29.79019789999802,10.070426554635944
241,,,,1,surface_compression,-0.2308594452203554,-0.2308594452203554,0.0,1.0,,,,,,,,,,,,,,,,29.79019789999802,10.070426554635944
242,,,,1,surface_compression,-0.23281181309211263,-0.23281181309211263,0.0,1.0,,,,,,,,,,,,,,,,29.79019789999802,10.070426554635944
243,,,,1,relaxation,0.015989102428424218,0.015989102428424218,0.0,0.0,,,,,,,,,,,,,,,,29.79019789999802,10.070426554635944
244,,,,1,relaxation,-0.12149057970653843,-0.12149057970653843,0.0,1.0,,,,,,,,,,,,,,,,29.79019789999802,10.070426554635944
245,,,,1,surface_compression,0.19733679387021397,0.19733679387021397,0.0,0.0,,,,,,,,,,,,,,,,29.79019789999802,10.070426554635944
246,,,,1,random_bulk,-0.006870356269544686,-0.006870356269544686,0.0,1.0,,,,,,,,,,,,,,,,29.79019789999802,10.070426554635944
247,,,,1,coordination,0.013127143589770185,0.013127143589770185,0.0,0.0,,,,,,,,,,,,,,,,29.79019789999802,10.070426554635944
248,,,,1,coordination,-0.05319529951822943,-0.05319529951822943,0.0,1.0,,,,,,,,,,,,,,,,29.79019789999802,10.070426554635944
249,-6554.257082431176,-15.605374005788514,-46.816122017365544,1,surface,0.05544858019572274,0.05544858019572274,0.0,0.0,,,134.0,226.0,360.0,276.0,84.0,1.5285714285714285,0.5380952380952381,0.6526946107784432,0.7125,2.667026589283304,1.9009918970705793,2.0090862665787728,3.057794273615278,29.79019789999802,10.070426554635944
250,,,,1,surface,-0.07728320227253249,-0.07728320227253249,0.0,1.0,,,,,,,,,,,,,,,,29.79019789999802,10.070426554635944
251,,,,1,relaxation,0.07808220010662481,0.07808220010662481,0.0,0.0,,,,,,,,,,,,,,,,29.79019789999802,10.070426554635944
252,,,,1,coordination,-0.060874239226588855,-0.060874239226588855,0.0,1.0,,,,,,,,,,,,,,,,29.79019789999802,10.070426554635944
253,,,,1,surface,0.05851483081478648,0.05851483081478648,0.0,0.0,,,,,,,,,,,,,,,,29.79019789999802,10.070426554635944
254,,,,1,random_surface,-0.12483429565501325,-0.12483429565501325,0.0,1.0,,,,,,,,,,,,,,,,29.79019789999802,10.070426554635944
255,,,,1,coordination,0.10738331372517962,0.10738331372517962,0.0,0.0,,,,,,,,,,,,,,,,29.79019789999802,10.070426554635944
256,,,,1,surface,-0.7175067462601419,-0.7175067462601419,0.0,1.0,,,,,,,,,,,,,,,,29.79019789999802,10.070426554635944
257,,,,1,surface_compression,-0.10231661338968934,-0.10231661338968934,0.0,1.0,,,,,,,,,,,,,,,,29.79019789999802,10.070426554635944
258,,,,1,surface,-0.07368570858450596,-0.07368570858450596,0.0,1.0,,,,,,,,,,,,,,,,29.79019789999802,10.070426554635944
259,,,,1,coordination,0.08439669922915982,0.08439669922915982,0.0,0.0,,,,,,,,,,,,,,,,29.79019789999802,10.070426554635944
260,,,,0,rejected_surface_compression,0.1226838413714475,0.1226838413714475,0.0,0.0,,,,,,,,,,,,,,,,29.79019789999802,10.070426554635944
261,,,,1,relaxation,0.012330554084250878,0.012330554084250878,0.0,0.0,,,,,,,,,,,,,,,,29.79019789999802,10.070426554635944
262,,,,1,random_bulk,-0.14830579532350185,-0.14830579532350185,0.0,1.0,,,,,,,,,,,,,,,,29.79019789999802,10.070426554635944
263,,,,1,surface_compression,0.002083484108386102,0.002083484108386102,0.0,0.0,,,,,,,,,,,,,,,,29.79019789999802,10.070426554635944
264,,,,1,surface_compression,-0.17524200139834534,-0.17524200139834534,0.0,1.0,,,,,,,,,,,,,,,,29.79019789999802,10.070426554635944
265,,,,0,rejected_surface_compression,0.1838341030865145,0.1838341030865145,0.0,0.0,,,,,,,,,,,,,,,,29.79019789999802,10.070426554635944
266,,,,1,surface,0.10659234982187371,0.10659234982187371,0.0,0.0,,,,,,,,,,,,,,,,29.79019789999802,10.070426554635944
267,,,,1,coordination,-0.10208141099582946,-0.10208141099582946,0.0,1.0,,,,,,,,,,,,,,,,29.79019789999802,10.070426554635944
268,,,,1,coordination,-0.2857198355301236,-0.2857198355301236,0.0,1.0,,,,,,,,,,,,,,,,29.79019789999802,10.070426554635944
269,,,,1,surface,0.08860986550614314,0.08860986550614314,0.0,0.0,,,,,,,,,,,,,,,,29.79019789999802,10.070426554635944
270,,,,1,random_bulk,0.20180212433127664,0.20180212433127664,0.0,0.0,,,,,,,,,,,,,,,,29.79019789999802,10.070426554635944
271,,,,1,surface_compression,-0.005542664482497628,-0.005542664482497628,0.0,1.0,,,,,,,,,,,,,,,,29.79019789999802,10.070426554635944
272,,,,1,relaxation,-0.053943222854890394,-0.053943222854890394,0.0,1.0,,,,,,,,,,,,,,,,29.79019789999802,10.070426554635944
273,,,,0,rejected_coordination,0.8091600712863496,0.8091600712863496,0.0,0.0,,,,,,,,,,,,,,,,29.79019789999802,10.070426554635944
274,-6555.521441157997,-15.608384383709517,-46.82515315112855,1,surface_compression,-0.07681841255798005,-0.07681841255798005,0.0,1.0,,,134.0,225.0,359.0,277.0,82.0,1.5333333333333334,0.5333333333333333,0.6458333333333334,0.7119047619047619,2.6727738111275765,1.9009918970705793,2.0090862665787728,3.057794273615278,29.79019789999802,10.070426554635944
275,,,,1,relaxation,-0.6340384757515345,-0.6340384757515345,0.0,1.0,,,,,,,,,,,,,,,,29.79019789999802,10.070426554635944
276,,,,0,rejected_surface,0.23228080120970063,0.23228080120970063,0.0,0.0,,,,,,,,,,,,,,,,29.79019789999802,10.070426554635944
277,,,,0,rejected_surface_compression,0.18444053921551173,0.18444053921551173,0.0,0.0,,,,,,,,,,,,,,,,29.79019789999802,10.070426554635944
278,,,,1,coordination,0.011106973905947726,0.011106973905947726,0.0,0.0,,,,,,,,,,,,,,,,29.79019789999802,10.070426554635944
279,,,,0,rejected_random_surface,0.4109600558725006,0.4109600558725006,0.0,0.0,,,,,,,,,,,,,,,,29.79019789999802,10.070426554635944
280,,,,0,rejected_coordination,0.5325386534596639,0.5325386534596639,0.0,0.0,,,,,,,,,,,,,,,,29.79019789999802,10.070426554635944
281,,,,1,relaxation,-0.16756591998657555,-0.16756591998657555,0.0,1.0,,,,,,,,,,,,,,,,29.79019789999802,10.070426554635944
282,,,,1,coordination,-0.5656005482208784,-0.5656005482208784,0.0,1.0,,,,,,,,,,,,,,,,29.79019789999802,10.070426554635944
283,,,,1,surface,-0.14841232128561188,-0.14841232128561188,0.0,1.0,,,,,,,,,,,,,,,,29.79019789999802,10.070426554635944
284,,,,0,rejected_surface,0.4278371761114901,0.4278371761114901,0.0,0.0,,,,,,,,,,,,,,,,29.79019789999802,10.070426554635944
285,,,,1,surface_compression,0.16022741562995435,0.16022741562995435,0.0,0.0,,,,,,,,,,,,,,,,29.79019789999802,10.070426554635944
286,,,,1,relaxation,0.1668882971485779,0.1668882971485779,0.0,0.0,,,,,,,,,,,,,,,,29.79019789999802,10.070426554635944
287,,,,1,random_bulk,0.017290771000325833,0.017290771000325833,0.0,0.0,,,,,,,,,,,,,,,,29.79019789999802,10.070426554635944
288,,,,1,random_surface,-0.05762651475250635,-0.05762651475250635,0.0,1.0,,,,,,,,,,,,,,,,29.79019789999802,10.070426554635944
289,,,,0,rejected_random_surface,0.02264918589493803,0.02264918589493803,0.0,0.0,,,,,,,,,,,,,,,,29.79019789999802,10.070426554635944
290,,,,1,surface,0.09148726697626941,0.09148726697626941,0.0,0.0,,,,,,,,,,,,,,,,29.79019789999802,10.070426554635944
291,,,,0,rejected_surface,0.3811983448862719,0.3811983448862719,0.0,0.0,,,,,,,,,,,,,,,,29.79019789999802,10.070426554635944
292,,,,1,surface,-0.042696341939944205,-0.042696341939944205,0.0,1.0,,,,,,,,,,,,,,,,29.79019789999802,10.070426554635944
293,,,,1,relaxation,-0.05358434130673828,-0.05358434130673828,0.0,1.0,,,,,,,,,,,,,,,,29.79019789999802,10.070426554635944
294,,,,1,surface_compression,0.008409710177865293,0.008409710177865293,0.0,0.0,,,,,,,,,,,,,,,,29.79019789999802,10.070426554635944
295,,,,1,coordination,0.4885976134804295,0.4885976134804295,0.0,0.0,,,,,,,,,,,,,,,,29.79019789999802,10.070426554635944
296,,,,1,surface_compression,-0.14747399485664658,-0.14747399485664658,0.0,1.0,,,,,,,,,,,,,,,,29.79019789999802,10.070426554635944
297,,,,1,surface,-0.03161841055520398,-0.03161841055520398,0.0,1.0,,,,,,,,,,,,,,,,29.79019789999802,10.070426554635944
298,,,,1,relaxation,-0.08269907578360502,-0.08269907578360502,0.0,1.0,,,,,,,,,,,,,,,,29.79019789999802,10.070426554635944
299,-6556.525750956699,-15.61077559751595,-46.83232679254785,1,surface_compression,-0.017001902594611096,-0.017001902594611096,0.0,1.0,,,134.0,225.0,359.0,278.0,81.0,1.5333333333333334,0.5333333333333333,0.6468842729970327,0.7119047619047619,2.7036488487949373,1.9009918970705793,2.0090862665787728,3.087997681938771,29.79019789999802,10.070426554635944
